249.00,237.00,263.00,-14.00,11.00,6404,-9730,-258,-7938,-19200,-11520,
257.00,245.00,271.00,-13.00,11.00,6472,-5108,-14392,-303,171,229,
252.00,243.00,274.00,-13.00,9.00,6316,-5108,-14420,-291,143,207,
255.00,247.00,271.00,-13.00,10.00,6392,-5044,-14244,-262,177,138,
239.00,274.00,247.00,-14.00,9.00,6273,-1,-1,-288,131,208,
261.00,237.00,271.00,-13.00,14.00,6384,-5068,-14508,-340,488,29,
257.00,243.00,274.00,-13.00,14.00,6320,-5212,-14640,-367,320,131,
255.00,243.00,274.00,-13.00,13.00,5985,-1,-1,-310,482,172,
259.00,225.00,269.00,-13.00,15.00,6316,-5136,-28674,-279,32,238,
259.00,257.00,298.00,-13.00,15.00,5552,-4640,-13804,-1621,-1079,-321,1
215.00,245.00,283.00,-13.00,16.00,11352,-12260,708,-311,5,844,
228.00,214.00,235.00,-13.00,15.00,11672,-12836,-88,-2104,-814,-1001,
225.00,241.00,283.00,-13.00,16.00,12320,-11492,-2244,-2762,288,-915,
243.00,215.00,276.00,-13.00,16.00,12076,-11324,-3512,-1024,898,863,
220.00,271.00,317.00,-13.00,14.00,12876,-10924,-2884,-1483,802,682,
184.00,212.00,252.00,-14.00,16.00,11236,-11744,-4444,497,-1090,1573,
218.00,241.00,283.00,-13.00,16.00,12132,-10848,-3164,-1338,-61,409,
247.00,245.00,278.00,-13.00,16.00,11112,-9772,-3420,-971,1566,-195,
271.00,214.00,278.00,-14.00,16.00,12304,-11908,-5344,-661,-524,1748,
251.00,322.00,298.00,-14.00,16.00,11376,-11096,-5688,-213,472,-902,1
245.00,245.00,276.00,-13.00,12.00,14920,-2492,8120,-1160,-495,64,
263.00,241.00,276.00,-13.00,12.00,15392,-4104,6680,-212,60,154,
263.00,239.00,276.00,-13.00,12.00,15612,-5540,5876,-3337,-967,581,
259.00,241.00,274.00,-13.00,12.00,15640,-6264,4180,-3586,-258,-258,
259.00,243.00,276.00,-13.00,12.00,15292,-7087,-258,-2516,-1271,583,
259.00,241.00,274.00,-13.00,12.00,15280,-7956,472,-1919,-644,876,
255.00,247.00,276.00,-13.00,12.00,14640,-7740,428,-1418,-315,289,
257.00,243.00,271.00,-13.00,12.00,14808,-7472,-1188,-2720,-1026,-258,
257.00,243.00,276.00,-13.00,14.00,14728,-7800,-3408,-1478,78,210,
259.00,243.00,274.00,-13.00,14.00,14600,-8224,-4544,-215,-181,1100,1
249.00,251.00,271.00,-13.00,11.00,14576,-7444,4428,-1137,-688,460,
261.00,249.00,271.00,-13.00,13.00,14812,-7648,3452,-2133,-978,1070,
251.00,243.00,344.00,-13.00,9.00,14948,-7568,2620,-1465,-523,381,
255.00,245.00,267.00,-13.00,12.00,14468,-8768,1316,-2385,291,340,
252.00,243.00,276.00,-13.00,12.00,15056,-8512,152,-1539,-442,345,
252.00,243.00,278.00,-13.00,13.00,0,0,0,-951,-620,1176,
252.00,247.00,276.00,-13.00,13.00,14480,-8144,-2860,-932,67,828,
257.00,249.00,276.00,-13.00,13.00,14472,-7728,-3596,-1227,167,546,
249.00,285.00,269.00,-13.00,14.00,13384,-7472,-5056,-3074,-258,-259,
251.00,245.00,274.00,-13.00,12.00,13536,-8428,-5768,-59,306,-408,1
257.00,218.00,241.00,-14.00,17.00,13868,-5480,6704,-249,-118,645,
243.00,245.00,281.00,-13.00,14.00,14624,-7520,6108,-1405,-1346,798,
249.00,245.00,300.00,-14.00,15.00,15324,-7688,3800,-990,-749,260,
252.00,243.00,267.00,-13.00,15.00,14864,-7980,2896,-1462,144,-163,
249.00,223.00,271.00,-13.00,13.00,14768,-7976,2196,-575,78,48,
251.00,241.00,269.00,-13.00,14.00,14952,-8568,1728,-1121,-385,199,
247.00,237.00,269.00,-13.00,15.00,0,0,0,-1564,-108,324,
249.00,241.00,267.00,-13.00,14.00,14436,-9280,-1104,-2562,-258,-258,
247.00,241.00,267.00,-13.00,14.00,13820,-9760,-1992,-1718,-397,549,
243.00,239.00,267.00,-13.00,14.00,13660,-10716,-2796,-864,584,402,1
239.00,255.00,269.00,-12.00,14.00,13232,-7820,6924,-1275,-225,657,
237.00,239.00,293.00,-13.00,16.00,12788,-7472,7184,-611,-127,281,
227.00,227.00,293.00,-13.00,17.00,13822,-259,-515,-588,-399,-65,
239.00,241.00,271.00,-13.00,15.00,13844,-7728,5796,-969,-483,59,
239.00,241.00,269.00,-13.00,16.00,13952,-8148,4908,-490,172,305,
241.00,235.00,271.00,-13.00,16.00,14044,-7740,4652,-505,-156,270,
235.00,234.00,267.00,-13.00,16.00,14392,-7988,4492,-1258,-181,162,
237.00,239.00,271.00,-13.00,16.00,14124,-8644,3960,-801,368,128,
230.00,235.00,267.00,-13.00,16.00,14168,-8700,2620,-1594,-216,1022,
225.00,239.00,265.00,-13.00,15.00,14512,-9944,1892,-1711,-235,1328,1
212.00,245.00,288.00,-14.00,15.00,12968,-8764,7328,-1093,-616,-53,
211.00,232.00,269.00,-14.00,15.00,12988,-8792,6520,-692,-110,-252,
204.00,241.00,274.00,-13.00,14.00,13384,-8516,6204,-696,-7,-273,
212.00,241.00,271.00,-13.00,15.00,13304,-8400,5884,-1198,-511,-246,
214.00,239.00,271.00,-13.00,15.00,13756,-8964,4660,-738,124,19,
214.00,239.00,265.00,-13.00,15.00,13720,-8996,4108,-776,3,156,
239.00,239.00,265.00,-13.00,16.00,14008,-9192,3552,-977,9,683,
214.00,235.00,267.00,-13.00,15.00,13800,-9444,3008,-1355,-195,-161,
247.00,239.00,269.00,-13.00,16.00,14052,-9004,2508,-715,-2,-258,
243.00,239.00,269.00,-13.00,15.00,13832,-9516,1816,-1085,26,610,1
247.00,243.00,269.00,-14.00,18.00,12788,-7124,9380,-652,-491,440,
247.00,234.00,265.00,-13.00,16.00,0,0,1,-713,-109,-115,
245.00,241.00,269.00,-13.00,16.00,13420,-7980,7020,-863,-342,-211,
247.00,243.00,274.00,-13.00,15.00,13208,-8468,6660,-717,-60,91,
245.00,243.00,274.00,-13.00,16.00,13592,-8164,6092,-1241,-619,-17,
247.00,241.00,271.00,-13.00,16.00,13984,-8712,5472,-419,100,-242,
247.00,243.00,271.00,-13.00,16.00,13848,-8556,4588,-993,-6,380,
247.00,243.00,271.00,-13.00,16.00,14120,-8892,4544,-1149,-280,282,
245.00,241.00,274.00,-13.00,16.00,14092,-9052,3892,-782,68,600,
247.00,241.00,267.00,-13.00,16.00,13624,-9416,3288,-1258,693,544,1
206.00,235.00,281.00,-13.00,16.00,13297,-258,-258,18,-117,-221,
230.00,252.00,269.00,-13.00,15.00,13696,-8560,4740,-1056,-438,1023,
255.00,257.00,271.00,-13.00,17.00,13908,-9000,4544,-459,149,-255,
223.00,249.00,308.00,-12.00,16.00,14216,-8788,3168,-1229,-315,-72,
249.00,252.00,276.00,-13.00,17.00,14256,-8468,3216,-600,-84,569,
217.00,243.00,265.00,-13.00,15.00,14336,-8612,2236,-429,-480,733,
220.00,247.00,295.00,-14.00,15.00,14132,-8976,2096,-521,331,1886,
212.00,239.00,269.00,-13.00,16.00,13976,-9184,1748,-909,-627,182,
220.00,239.00,269.00,-13.00,16.00,13452,-10228,380,-1099,-516,383,
220.00,241.00,269.00,-13.00,15.00,14088,-10704,-888,-1862,-963,-800,1
241.00,227.00,271.00,-13.00,15.00,11696,-6172,10836,-849,-499,304,
237.00,243.00,269.00,-13.00,16.00,12140,-6344,9604,-913,-1099,891,
234.00,234.00,261.00,-13.00,16.00,11936,-7324,8804,-262,-35,541,
241.00,243.00,271.00,-13.00,16.00,12552,-7748,8084,-1208,-310,561,
239.00,239.00,263.00,-13.00,16.00,13060,-7896,7700,-906,-244,237,<
239.00,239.00,271.00,-13.00,16.00,13008,-9096,6824,-1018,252,7,
241.00,237.00,267.00,-13.00,16.00,12912,-8992,6280,-914,-7,387,
239.00,239.00,269.00,-13.00,16.00,13092,-9108,5824,-1295,-336,797,
241.00,241.00,269.00,-13.00,16.00,12952,-9600,4740,-941,-179,1,
241.00,239.00,269.00,-13.00,16.00,13244,-9524,3028,-1275,-112,657,1
245.00,241.00,278.00,-13.00,14.00,13048,-7308,8140,-1565,-61,-215,
234.00,223.00,252.00,-12.00,16.00,13148,-7832,6552,-1189,-153,-18,
243.00,283.00,245.00,-13.00,16.00,13544,-7968,6288,-487,-76,910,
243.00,237.00,269.00,-13.00,16.00,14136,-9208,5568,-2243,-871,-1047,
222.00,225.00,285.00,-13.00,18.00,14796,-8700,3520,-1389,-893,860,
214.00,239.00,263.00,-13.00,15.00,14468,-8460,3044,-930,758,560,
230.00,241.00,259.00,-13.00,15.00,14124,-8616,3280,-713,21,420,
234.00,241.00,274.00,-13.00,16.00,14012,-9148,2284,-1510,-261,442,
239.00,243.00,269.00,-13.00,15.00,13904,-8784,1916,-1752,8,-402,
245.00,247.00,276.00,-13.00,15.00,14116,-9844,-1332,-2770,-763,125,1
237.00,269.00,281.00,14.00,-13.00,16360,-4780,3316,-1160,468,-266,
241.00,269.00,281.00,14.00,-13.00,16024,-4292,3088,-944,-824,505,
237.00,267.00,283.00,14.00,-13.00,16016,-6600,624,-1404,-1071,635,
237.00,269.00,281.00,14.00,-13.00,15580,-7020,-544,-1438,-1199,565,
239.00,269.00,278.00,14.00,-13.00,14900,-7420,-1912,-1532,-95,440,
239.00,271.00,281.00,14.00,-13.00,14724,-8588,-3636,-896,244,882,
235.00,269.00,281.00,14.00,-13.00,14116,-7504,-2764,-1493,-169,209,
237.00,267.00,281.00,14.00,-13.00,-1493,-169,209,-1402,-99,216,
239.00,269.00,283.00,14.00,-13.00,13804,-8236,-4924,-1776,-668,-536,
239.00,267.00,281.00,14.00,-13.00,13792,-7032,-7580,-1145,-884,1725,1
237.00,267.00,278.00,13.00,-14.00,16388,-2596,4856,-728,340,1125,
237.00,267.00,276.00,13.00,-14.00,16268,-3376,4756,-871,-201,250,
237.00,267.00,276.00,13.00,-14.00,16108,-4148,3940,-1221,-378,385,
237.00,263.00,274.00,13.00,-14.00,15984,-5324,2304,-1656,-534,987,
237.00,265.00,278.00,9.00,-17.00,16068,-6272,1328,-633,-438,381,
239.00,249.00,265.00,9.00,-16.00,16152,-6668,696,-1069,-304,580,
249.00,274.00,276.00,12.00,-15.00,15260,-6992,-860,-1564,-277,429,
237.00,257.00,281.00,11.00,-15.00,15240,-7512,-1924,-1513,-775,422,
239.00,269.00,290.00,13.00,-15.00,14768,-7324,-2428,14768,-7324,-2428,
239.00,265.00,269.00,12.00,-15.00,14764,-8232,-4496,-989,357,490,1
241.00,235.00,252.00,15.00,-13.00,15620,-3896,4288,-382,-300,640,
227.00,265.00,278.00,14.00,-13.00,15872,-3916,4244,-585,-249,464,
239.00,267.00,274.00,15.00,-13.00,16136,-4944,3692,-1207,-411,-57,
235.00,265.00,269.00,14.00,-13.00,16012,-5080,2940,-822,-830,428,
237.00,265.00,274.00,14.00,-13.00,15912,-5172,2776,-1227,-235,48,
235.00,263.00,274.00,14.00,-13.00,15756,-6428,48,-1248,509,731,
241.00,265.00,271.00,14.00,-13.00,15340,-6932,1156,-1114,-133,1176,
235.00,265.00,276.00,14.00,-13.00,15236,-7524,1468,-1239,24,1007,
237.00,263.00,271.00,13.00,-13.00,14668,-7952,148,-1098,-329,913,
217.00,263.00,267.00,13.00,-13.00,14484,-8204,-280,-1500,-557,1014,1
234.00,265.00,274.00,14.00,-13.00,16612,-2060,4256,-978,491,219,
232.00,267.00,247.00,13.00,-14.00,15836,-2096,4268,-1297,-487,1141,
239.00,245.00,285.00,14.00,-13.00,16148,-4284,3060,-304,-384,303,
234.00,265.00,274.00,14.00,-13.00,15760,-4408,2760,-1068,-346,504,
232.00,267.00,281.00,14.00,-13.00,15844,-4807,-1,-657,-214,680,
235.00,265.00,278.00,14.00,-13.00,15884,-5872,1184,-1082,-330,423,
235.00,267.00,278.00,14.00,-13.00,15796,-6488,884,-1149,-296,555,
235.00,265.00,281.00,14.00,-13.00,15708,-7616,500,-1174,-73,534,
235.00,263.00,281.00,14.00,-13.00,14780,-7692,180,-872,262,325,
245.00,251.00,259.00,14.00,-14.00,14928,-8706,-258,-430,-122,576,1
235.00,263.00,267.00,14.00,-13.00,15744,-3924,4952,-28418,-15359,-21754,
235.00,263.00,269.00,14.00,-13.00,15660,-4324,4908,-178,228,173,
222.00,252.00,278.00,14.00,-13.00,15836,-5004,4136,-240,-58,962,
228.00,263.00,271.00,14.00,-13.00,15740,-5296,3580,-1038,-2,-258,
235.00,263.00,269.00,14.00,-13.00,15752,-5504,3408,-55,180,-84,
234.00,263.00,269.00,14.00,-13.00,15568,-5672,3580,-715,75,267,
235.00,265.00,269.00,14.00,-13.00,15736,-6040,3360,-951,-12,521,
234.00,263.00,265.00,13.00,-13.00,15732,-5620,2648,-737,-321,464,
241.00,265.00,269.00,14.00,-13.00,15472,-7004,2264,-1862,-3184,-414,
251.00,269.00,274.00,14.00,-13.00,15400,-7084,1328,-938,-556,543,1
239.00,261.00,249.00,17.00,-13.00,15848,-4500,3764,-282,23,387,
239.00,274.00,283.00,13.00,-13.00,16116,-5100,3600,-582,52,102,
239.00,269.00,281.00,14.00,-13.00,15400,-6108,3228,-380,-309,-13,
243.00,269.00,281.00,14.00,-13.00,15720,-6188,2164,-863,-84,-122,
241.00,269.00,283.00,14.00,-13.00,15380,-6704,2372,-2788,-536,531,
241.00,267.00,281.00,14.00,-13.00,15552,-6820,1228,-972,202,279,
269.00,261.00,278.00,14.00,-13.00,15216,-7540,816,-1279,96,1,
228.00,283.00,259.00,15.00,-13.00,14828,-7548,-292,-1283,293,589,
239.00,265.00,281.00,13.00,-13.00,14980,-8540,-1120,-759,449,549,
239.00,269.00,283.00,14.00,-13.00,14524,-8732,-1440,-457,235,494,1
235.00,263.00,281.00,14.00,-12.00,16212,-4436,-428,-832,104,101,
235.00,263.00,281.00,14.00,-12.00,16520,-4468,-376,-992,124,906,
234.00,263.00,283.00,15.00,-12.00,15864,-5516,0,-2452,564,310,
234.00,263.00,281.00,14.00,-12.00,15992,-5028,-684,-1365,-436,177,
234.00,261.00,281.00,14.00,-12.00,15984,-5296,-1892,-713,-648,51,
235.00,263.00,281.00,14.00,-12.00,15640,-5904,-2152,-942,207,1434,
235.00,263.00,281.00,14.00,-12.00,16448,-5832,-3224,-619,413,8,
234.00,274.00,281.00,14.00,-13.00,15708,-6632,-3192,-356,86,1272,
230.00,263.00,285.00,14.00,-12.00,14984,-7040,-4088,-964,-215,1386,
234.00,263.00,278.00,14.00,-13.00,14384,-7204,-4336,-1308,103,298,1
235.00,265.00,203.00,13.00,-13.00,16040,-4304,4436,-890,-766,724,
235.00,265.00,196.00,13.00,-13.00,15764,-4704,3324,-598,-1141,71,
239.00,263.00,203.00,13.00,-13.00,15536,-5256,3216,-615,-724,866,
234.00,263.00,230.00,13.00,-14.00,15784,-5632,2588,-1623,453,461,
235.00,265.00,209.00,13.00,-13.00,15604,-6320,1024,-2292,-221,-66,
235.00,263.00,199.00,13.00,-13.00,16076,-5912,1088,-354,-861,715,
235.00,263.00,257.00,13.00,-13.00,15032,-6260,-64,-913,-492,1334,
235.00,263.00,259.00,13.00,-13.00,14652,-8560,-712,-81,95,914,
239.00,261.00,259.00,13.00,-13.00,14700,-7636,-1980,-1438,-168,603,
235.00,263.00,259.00,13.00,-13.00,14372,-9116,-2520,-1369,-406,1123,1
235.00,265.00,274.00,13.00,-13.00,16636,-5800,2828,-386,-251,560,
235.00,267.00,274.00,13.00,-13.00,15580,-5708,2476,-374,-157,275,
232.00,300.00,295.00,15.00,-13.00,15780,-6364,2304,-1048,-592,111,
249.00,255.00,265.00,17.00,-13.00,15796,-6220,1400,-856,20,-211,
234.00,265.00,281.00,13.00,-13.00,16388,-5648,1148,-1383,-508,234,
235.00,259.00,276.00,14.00,-13.00,15740,-6688,1440,-600,463,1011,
235.00,265.00,274.00,13.00,-13.00,15476,-7336,-32,-782,504,1201,
235.00,265.00,274.00,13.00,-13.00,15588,-7676,-492,-755,276,572,
235.00,263.00,274.00,13.00,-13.00,14444,-7616,-1044,-907,-601,931,
235.00,263.00,274.00,13.00,-13.00,14528,-9372,-1824,-396,524,119,1
218.00,276.00,288.00,14.00,-13.00,15912,-4420,4544,-486,-61,942,
239.00,267.00,274.00,14.00,-13.00,16036,-4696,3532,-1020,-998,719,
237.00,267.00,276.00,14.00,-13.00,15836,-5428,2568,-2562,-258,-258,
237.00,267.00,276.00,13.00,-13.00,15844,-5628,1268,-870,-630,687,
237.00,265.00,278.00,13.00,-13.00,15948,-6052,480,-1022,-2,-258,
237.00,263.00,278.00,13.00,-13.00,15788,-6280,-392,-774,21,498,
239.00,227.00,295.00,14.00,-13.00,15244,-6952,-780,-427,-384,344,
243.00,259.00,274.00,13.00,-13.00,15600,-7824,-1104,-622,-56,1151,
243.00,261.00,278.00,13.00,-13.00,14920,-8552,-2136,-525,-38,1038,
237.00,265.00,281.00,13.00,-13.00,13740,-8964,-2628,-2985,-1821,1206,1
235.00,269.00,283.00,13.00,-13.00,14964,-7092,1480,-659,447,99,
212.00,278.00,295.00,12.00,-13.00,15144,-6932,1244,-619,33,-155,
234.00,265.00,285.00,13.00,-13.00,14944,-7268,440,-1195,-444,-78,
237.00,267.00,281.00,13.00,-13.00,15144,-7288,-1156,-1211,-311,1077,
235.00,263.00,281.00,13.00,-13.00,15080,-7260,-2172,-494,-1398,681,
222.00,243.00,293.00,13.00,-13.00,14364,-8444,-3500,-556,-185,648,
228.00,261.00,278.00,13.00,-14.00,13828,-7804,-3332,-523,312,46,
234.00,271.00,283.00,13.00,-13.00,13868,-8572,-4096,-1054,-453,779,
237.00,269.00,276.00,13.00,-13.00,13572,-9460,-5280,-1290,191,527,
230.00,259.00,271.00,13.00,-13.00,13044,-9064,-5984,-1838,-501,1029,1
237.00,267.00,281.00,13.00,-13.00,15372,-6632,729,65,311,-64,
243.00,267.00,267.00,11.00,-13.00,15852,-5644,1384,-830,-266,1277,
228.00,261.00,267.00,13.00,-13.00,15708,-6492,-88,-591,391,356,
237.00,265.00,281.00,14.00,-13.00,15828,-6724,-548,-333,-1012,622,
235.00,263.00,278.00,14.00,-13.00,15776,-7444,-1560,-1318,-583,510,
237.00,274.00,290.00,13.00,-13.00,15024,-7504,-2300,-333,-311,1585,
249.00,243.00,283.00,12.00,-13.00,14204,-8444,-2680,-534,81,1266,
237.00,267.00,278.00,14.00,-13.00,14404,-8444,-2616,-532,583,70,
237.00,267.00,281.00,14.00,-13.00,14140,-8984,-4300,-1302,-72,482,
235.00,265.00,283.00,14.00,-13.00,13072,-9236,-5528,-1350,1768,2363,1
252.00,259.00,276.00,16.00,-13.00,15464,-7668,324,-652,-156,651,
237.00,263.00,288.00,14.00,-13.00,14944,-8472,-36,-802,885,249,
237.00,267.00,285.00,14.00,-13.00,15252,-7408,-116,15252,-7408,-116,
241.00,276.00,290.00,14.00,-13.00,15088,-7340,-1412,-1123,-993,1064,
225.00,265.00,325.00,14.00,-13.00,14508,-8808,-2988,-505,-168,764,
222.00,314.00,261.00,15.00,-13.00,13448,-9188,-5340,-1926,-609,1368,
237.00,267.00,285.00,13.00,-13.00,13008,-10292,-5236,-1463,-363,422,
237.00,267.00,285.00,14.00,-13.00,12400,-9640,-7376,-2168,-274,1015,
235.00,267.00,288.00,13.00,-13.00,11092,-6636,-9080,-1019,-120,56,
237.00,269.00,293.00,14.00,-13.00,11476,-9236,-9208,-478,98,397,1
237.00,269.00,276.00,14.00,-13.00,15152,-6244,3152,-635,-19,108,
241.00,259.00,267.00,16.00,-13.00,15292,-7092,3176,-1245,119,195,
218.00,251.00,263.00,14.00,-13.00,15672,-7432,2896,-2037,-393,-226,
271.00,263.00,288.00,13.00,-13.00,15088,-6658,-258,-1081,-826,733,
245.00,243.00,281.00,13.00,-13.00,15008,-7980,-796,-904,-834,34,
234.00,295.00,285.00,15.00,-14.00,14644,-7968,-1392,-658,391,-1,
243.00,274.00,283.00,14.00,-13.00,14580,-8360,-2136,-1870,-733,1263,
232.00,257.00,285.00,13.00,-13.00,13812,-9092,-3436,-1572,-231,1137,
237.00,267.00,281.00,14.00,-13.00,13524,-8460,-4252,-1138,28,546,
239.00,267.00,281.00,14.00,-13.00,13408,-8992,-5832,-4691,-2945,183,1
237.00,267.00,283.00,13.00,-13.00,15888,-5756,772,844,-344,641,
237.00,265.00,278.00,13.00,-13.00,15696,-7248,-496,-349,-242,754,
239.00,267.00,281.00,13.00,-13.00,15152,-7492,-1116,-732,356,-110,
230.00,263.00,278.00,14.00,-13.00,15412,-7336,-1660,-246,-302,-61,
237.00,265.00,278.00,13.00,-13.00,15196,-7692,-1740,-670,-320,146,
225.00,271.00,278.00,13.00,-13.00,14700,-7496,-2372,-1603,-481,1320,
235.00,267.00,283.00,13.00,-13.00,13988,-6292,-4720,-1564,233,-592,
237.00,265.00,283.00,14.00,-13.00,14260,-8032,-4628,-1101,152,1258,
239.00,269.00,283.00,13.00,-13.00,14032,-8652,-5376,-1422,-1098,545,
234.00,241.00,257.00,13.00,-13.00,12176,-9832,-4672,-3862,133,-548,1
237.00,269.00,276.00,13.00,-14.00,15936,-6500,3384,-347,202,231,
237.00,271.00,274.00,13.00,-13.00,15380,-6952,2192,-2555,1075,-277,
239.00,267.00,276.00,13.00,-13.00,14632,-7836,1752,-701,-399,505,
235.00,269.00,276.00,13.00,-13.00,0,0,0,-558,93,113,
237.00,269.00,283.00,13.00,-13.00,15396,-9000,476,-446,-141,270,
237.00,269.00,281.00,13.00,-13.00,14716,-8456,-60,-389,-992,897,
227.00,314.00,322.00,13.00,-14.00,14656,-8752,-1776,-1651,-990,865,
215.00,269.00,300.00,12.00,-13.00,13240,-10132,-2316,-435,-607,1781,
237.00,267.00,281.00,13.00,-13.00,12660,-9276,-4592,-1762,360,639,
237.00,267.00,278.00,13.00,-13.00,12744,-9240,-3604,-1014,-574,669,1
239.00,265.00,278.00,15.00,-12.00,15700,-4264,5576,-880,-116,503,
237.00,267.00,283.00,15.00,-12.00,15584,-7004,3336,-255,407,-588,
225.00,285.00,274.00,15.00,-12.00,15476,-6328,3636,-788,416,-721,
235.00,249.00,285.00,15.00,-12.00,15120,-6072,2228,-4472,-3020,-1080,
237.00,265.00,281.00,15.00,-12.00,16392,-6532,-704,-2635,-1190,-566,
237.00,265.00,281.00,15.00,-12.00,15944,-7164,-1844,-650,-771,837,
237.00,265.00,283.00,15.00,-12.00,15308,-7180,-4160,-636,-379,-1606,
222.00,269.00,290.00,16.00,-12.00,14388,-7016,-4204,-411,-942,1668,
243.00,251.00,278.00,13.00,-13.00,14620,-7260,-5096,-966,218,147,
261.00,252.00,276.00,15.00,-12.00,13672,-6436,-8260,-2661,-258,-258,1
237.00,265.00,281.00,14.00,-13.00,15328,-5768,1964,253,-1011,259,
237.00,259.00,283.00,15.00,-12.00,15972,-6657,-1,-246,188,358,
239.00,274.00,283.00,16.00,-12.00,15528,-6580,200,-122,525,301,
232.00,263.00,281.00,16.00,-13.00,15560,-6456,-172,20734,-5887,-30719,
237.00,265.00,278.00,15.00,-12.00,15800,-6372,-224,-3054,-172,1603,
235.00,265.00,281.00,15.00,-12.00,16060,-7116,-2040,-680,-80,518,
237.00,265.00,281.00,15.00,-12.00,14788,-7436,-2956,-1136,344,494,
237.00,267.00,281.00,15.00,-12.00,14300,-8044,-3200,-1554,-1970,1089,
239.00,267.00,281.00,15.00,-13.00,14160,-8732,-3580,-610,-514,-258,
235.00,265.00,278.00,15.00,-12.00,13608,-7888,-5012,-3585,-1,-1,1
239.00,261.00,267.00,16.00,-13.00,0,0,0,-529,265,652,
206.00,261.00,283.00,15.00,-13.00,15972,-5284,2064,-649,232,295,
235.00,265.00,276.00,14.00,-13.00,15580,-4344,3304,-6,-260,526,
234.00,265.00,278.00,14.00,-13.00,16092,-3024,3248,-1234,-351,551,
235.00,265.00,281.00,14.00,-13.00,16432,-5148,2484,-1243,-291,939,
235.00,265.00,274.00,14.00,-13.00,16376,-5528,2076,-641,-56,943,
227.00,243.00,278.00,14.00,-13.00,15528,-5668,1476,-667,157,-421,
247.00,265.00,276.00,13.00,-13.00,16020,-5660,708,-1756,-566,471,
235.00,271.00,281.00,15.00,-13.00,16088,-5516,-308,-458,-260,577,
237.00,261.00,281.00,15.00,-13.00,15932,-5896,-2340,-776,91,453,1
237.00,263.00,281.00,14.00,-13.00,15300,-5684,2824,-206,126,829,
243.00,263.00,249.00,13.00,-13.00,16164,-5328,3064,-898,-333,-117,
259.00,252.00,267.00,13.00,-13.00,15984,-5596,1564,-964,-466,-94,
241.00,251.00,228.00,12.00,-12.00,16136,-4952,956,-776,-418,73,
235.00,263.00,278.00,14.00,-13.00,16036,-5676,244,-408,345,-4,
237.00,263.00,283.00,14.00,-13.00,15676,-5404,-136,-458,328,85,
237.00,265.00,283.00,14.00,-13.00,15672,-5680,-548,-17,378,82,
259.00,283.00,257.00,11.00,-12.00,15836,-5444,-192,-440,1070,102,
230.00,269.00,350.00,15.00,-13.00,15392,-6640,-424,-825,-740,879,
245.00,255.00,288.00,16.00,-13.00,15136,-8160,-1336,-1166,-221,1150,1
237.00,263.00,281.00,14.00,-13.00,15652,-4148,3300,-670,-76,203,
235.00,263.00,281.00,13.00,-13.00,15972,-4324,3360,133,17,212,
252.00,278.00,285.00,13.00,-13.00,16008,-5244,2868,-638,-267,533,
214.00,278.00,288.00,14.00,-14.00,16080,-5072,1496,-9,5,123,
235.00,263.00,295.00,13.00,-13.00,16232,-5416,916,54,167,342,
237.00,265.00,281.00,14.00,-13.00,15376,-5320,548,-128,-417,771,
235.00,265.00,281.00,14.00,-13.00,15556,-5512,500,-338,-908,393,
243.00,317.00,322.00,14.00,-12.00,15788,-6472,348,-736,520,930,
237.00,261.00,288.00,14.00,-12.00,15552,-5840,92,-663,-807,299,
235.00,263.00,281.00,14.00,-13.00,14708,-7932,-688,-334,546,1423,1
241.00,274.00,283.00,13.00,-14.00,14860,-7772,4928,-504,-76,68,
239.00,269.00,278.00,13.00,-14.00,15128,-7112,4992,-274,131,-348,
249.00,295.00,298.00,12.00,-12.00,15212,-7016,3712,-383,166,-864,
245.00,243.00,267.00,13.00,-14.00,15200,-6336,3940,-66,170,-601,
239.00,269.00,281.00,13.00,-14.00,15364,-6556,2940,-500,-131,124,
237.00,269.00,281.00,14.00,-13.00,15580,-5940,2596,-437,-387,354,
239.00,271.00,283.00,13.00,-14.00,15404,-5620,2768,-1074,168,337,
237.00,271.00,281.00,13.00,-14.00,15532,-5944,2428,13,-40,479,
234.00,288.00,285.00,12.00,-15.00,15564,-6168,1384,-526,717,849,
245.00,269.00,269.00,14.00,-13.00,16168,-6116,556,-1147,-2001,1164,1
237.00,267.00,276.00,14.00,-13.00,14692,-7296,4140,-419,670,-1428,
237.00,265.00,278.00,14.00,-13.00,16396,-6244,5240,-635,-558,289,
237.00,263.00,278.00,14.00,-13.00,15264,-5996,3556,-1128,-46,-564,
237.00,263.00,276.00,14.00,-13.00,15936,-7032,2284,-649,-178,581,
235.00,263.00,276.00,14.00,-13.00,15604,-5952,1568,-416,-512,213,
235.00,263.00,276.00,14.00,-12.00,15596,-5844,1092,-950,171,466,
235.00,263.00,278.00,14.00,-13.00,15316,-6604,788,-665,611,424,
283.00,298.00,261.00,13.00,-12.00,15460,-6652,964,-466,-491,736,
230.00,267.00,317.00,13.00,-12.00,15268,-7240,-180,-859,-391,160,
235.00,263.00,276.00,14.00,-12.00,15536,-7188,-544,-1408,-838,1440,1
237.00,265.00,276.00,14.00,-13.00,15504,-7472,1608,-264,71,-73,
249.00,269.00,357.00,13.00,-13.00,15092,-6760,1608,-865,-234,209,
232.00,257.00,265.00,12.00,-14.00,0,0,0,-729,209,-251,
237.00,263.00,276.00,12.00,-15.00,15516,-7856,508,-1319,-386,128,
228.00,265.00,276.00,12.00,-15.00,15204,-7308,-264,-1140,-122,87,
237.00,263.00,274.00,14.00,-13.00,15248,-7392,-280,-627,-1,-1,
245.00,259.00,331.00,13.00,-13.00,14840,-7640,-1940,-909,-1,-1,
252.00,274.00,288.00,13.00,-14.00,14480,-8400,-2276,-1088,-205,364,
239.00,261.00,281.00,13.00,-14.00,14692,-8316,-2792,-383,-312,174,
227.00,267.00,271.00,11.00,-14.00,14104,-8240,-5624,-3203,-444,1482,1
239.00,267.00,278.00,15.00,-12.00,16712,-3520,3344,-210,-237,-99,
235.00,267.00,278.00,15.00,-13.00,16396,-3948,2076,-56,167,437,
241.00,263.00,314.00,12.00,-14.00,16916,-4244,2592,-725,49,-647,
214.00,269.00,269.00,12.00,-14.00,16432,-3528,1956,-331,294,-346,
237.00,265.00,276.00,14.00,-13.00,16648,-3640,2076,274,-176,440,
237.00,269.00,278.00,12.00,-14.00,16540,-3640,1504,-83,536,-19,
237.00,267.00,276.00,15.00,-12.00,16384,-3544,748,-822,-125,441,
281.00,257.00,290.00,12.00,-15.00,16196,-3716,320,-461,-32,594,
239.00,267.00,281.00,13.00,-14.00,16648,-4188,-308,-701,-592,346,
239.00,267.00,281.00,14.00,-13.00,16380,-4356,-832,-150,121,-46,1
239.00,265.00,278.00,15.00,-13.00,15748,-332,5368,-1754,208,770,
237.00,265.00,278.00,15.00,-13.00,16060,-128,4940,-257,486,-454,
259.00,288.00,293.00,14.00,-13.00,16664,-528,5052,-868,-125,534,
232.00,261.00,276.00,15.00,-13.00,16172,-1064,3544,-153,43,-335,
237.00,263.00,278.00,15.00,-13.00,16564,-936,3356,-562,-87,151,
239.00,263.00,276.00,15.00,-13.00,16904,-764,3312,-860,-82,1358,
237.00,263.00,276.00,15.00,-13.00,16892,-2092,2128,-509,-1018,59,
237.00,298.00,261.00,15.00,-14.00,16952,-2092,1072,-1009,-292,-81,
203.00,278.00,306.00,16.00,-13.00,17172,-2340,44,-940,-298,279,
237.00,274.00,271.00,15.00,-13.00,16772,-1468,-572,-1135,-1101,993,1
234.00,259.00,271.00,14.00,-13.00,15992,-296,5848,-1579,-743,1393,
234.00,261.00,271.00,13.00,-14.00,16168,-1208,5500,-741,-243,156,
237.00,257.00,257.00,12.00,-15.00,16056,-1028,4356,-32,-690,1144,
225.00,263.00,257.00,15.00,-14.00,16676,-1068,4648,-1217,-207,-444,
235.00,265.00,243.00,15.00,-12.00,16868,-1584,3332,-763,-422,-76,
247.00,245.00,281.00,15.00,-13.00,16468,-1212,3008,-937,90,-298,
234.00,265.00,274.00,15.00,-12.00,16740,-2212,1556,-951,-1070,779,
232.00,263.00,269.00,14.00,-12.00,17052,-2004,1600,-853,-3,79,
234.00,261.00,271.00,14.00,-13.00,16908,-2100,796,-692,-734,618,
234.00,265.00,271.00,15.00,-12.00,17152,-2764,-128,-1621,-1118,176,1
225.00,255.00,259.00,13.00,-14.00,15432,372,6852,-610,-743,-38,
196.00,303.00,288.00,12.00,-13.00,16068,-456,6080,-403,-16,-154,
227.00,278.00,261.00,13.00,-14.00,15680,-112,4884,-370,-45,191,
228.00,251.00,265.00,13.00,-14.00,16012,-512,4508,-3585,-1,-1,
225.00,249.00,263.00,13.00,-14.00,16660,-864,3788,-288,73,-23,
227.00,249.00,261.00,13.00,-14.00,16580,-1236,3388,-323,-476,495,
218.00,247.00,390.00,12.00,-14.00,16488,-1204,2484,-387,-172,50,
232.00,259.00,245.00,12.00,-14.00,16633,-258,-258,-1415,-1083,1151,
222.00,252.00,290.00,14.00,-14.00,16304,-2292,1136,-596,-465,183,
230.00,255.00,251.00,12.00,-14.00,16376,-2724,396,-1385,-1405,1474,1
214.00,257.00,274.00,13.00,-13.00,15868,-56,6732,-318,-72,-4,
234.00,265.00,274.00,14.00,-13.00,15652,140,6572,-650,-502,96,
239.00,265.00,274.00,14.00,-13.00,15732,380,6204,-1995,-319,-1020,
235.00,263.00,278.00,14.00,-13.00,16100,40,5448,-1190,-191,-527,
237.00,263.00,274.00,14.00,-13.00,16260,-944,4268,30,-678,845,
235.00,263.00,276.00,14.00,-13.00,16688,-424,2948,-865,-738,301,
239.00,274.00,276.00,11.00,-13.00,16776,-1080,2240,-355,-1069,-1,
230.00,265.00,278.00,14.00,-13.00,16336,-1336,1348,-1266,-448,548,
237.00,278.00,267.00,15.00,-13.00,16908,-1536,960,-895,-1009,503,
235.00,267.00,261.00,15.00,-13.00,16832,-1144,776,-281,253,429,1
257.00,271.00,252.00,16.00,-13.00,16224,-1104,1556,-460,-126,1192,
267.00,259.00,265.00,14.00,-13.00,16784,-1356,1256,-116,-27,225,
243.00,265.00,278.00,15.00,-13.00,17448,-1304,1532,-971,833,26,
235.00,267.00,276.00,15.00,-13.00,17104,-1416,1644,-780,-899,358,
235.00,267.00,271.00,15.00,-13.00,16540,-1460,332,-616,-577,447,
234.00,267.00,278.00,15.00,-13.00,16648,-1704,-112,16648,-1704,-112,
235.00,267.00,271.00,15.00,-13.00,16540,-1584,-60,57,59,605,
232.00,271.00,288.00,14.00,-13.00,17136,-2116,-400,-453,150,300,
234.00,274.00,274.00,15.00,-13.00,17224,-3168,-704,-603,339,667,
234.00,263.00,271.00,15.00,-13.00,16608,-3400,-784,-649,-108,707,1
245.00,267.00,274.00,15.00,-12.00,16528,-1528,152,-908,664,285,
235.00,267.00,274.00,15.00,-12.00,16792,-1176,808,-220,15,561,
237.00,267.00,271.00,15.00,-12.00,17056,-2224,948,-837,330,313,
252.00,281.00,271.00,16.00,-12.00,16684,-2512,1464,-797,159,715,
241.00,271.00,274.00,14.00,-12.00,16736,-2716,1828,-641,292,-129,
237.00,267.00,274.00,15.00,-12.00,16784,-2828,1380,-358,-5,-66,
235.00,265.00,274.00,15.00,-12.00,16856,-2748,1512,-306,801,583,
237.00,267.00,274.00,15.00,-12.00,16268,-3472,1288,-150,582,680,
232.00,261.00,245.00,16.00,-12.00,16416,-3552,1780,-154,524,424,
232.00,267.00,276.00,16.00,-12.00,16100,-3440,1360,-584,-86,669,1
220.00,245.00,257.00,9.00,-16.00,16184,-3316,3184,13,-95,-328,
209.00,247.00,267.00,9.00,-16.00,16912,-3056,3020,-283,119,-190,
218.00,249.00,251.00,9.00,-16.00,16664,-2444,2008,-544,-3514,-536,
225.00,245.00,245.00,10.00,-16.00,16580,-2316,2028,-267,-764,-365,
218.00,247.00,255.00,9.00,-16.00,16452,-1932,1436,102,-229,188,
218.00,243.00,257.00,10.00,-16.00,16520,-1796,976,-275,88,430,
220.00,247.00,257.00,10.00,-16.00,16828,-2668,248,-65,-151,832,
207.00,252.00,278.00,9.00,-16.00,16852,-3712,-488,-1371,-485,382,
220.00,249.00,267.00,10.00,-16.00,17040,-3520,-212,-172,-386,536,
220.00,261.00,259.00,10.00,-16.00,16476,-2324,-332,-1123,-622,388,1
235.00,263.00,271.00,12.00,-14.00,16424,-3452,1756,-116,247,-129,
218.00,255.00,274.00,10.00,-15.00,16448,-3244,1584,-847,-290,-292,
222.00,263.00,261.00,8.00,-17.00,16280,-2188,332,-1195,-121,-421,
234.00,239.00,276.00,8.00,-17.00,16720,-2828,56,363,295,-311,
235.00,261.00,278.00,9.00,-16.00,16700,-2964,456,-671,157,-188,
234.00,259.00,265.00,9.00,-16.00,16956,-2880,-716,-1148,-2782,846,
232.00,263.00,274.00,9.00,-17.00,16332,-3388,-1948,-441,-389,590,
234.00,261.00,276.00,9.00,-17.00,16316,-3932,-2904,-501,-144,521,
232.00,261.00,274.00,9.00,-17.00,15736,-5072,-3048,-476,46,929,
243.00,261.00,251.00,8.00,-16.00,15284,-4924,-3480,-549,-10,880,1
225.00,251.00,267.00,14.00,-12.00,15208,-3108,7388,-384,-105,174,
232.00,265.00,288.00,14.00,-12.00,15412,-3132,6828,-771,-273,-676,
232.00,274.00,259.00,13.00,-12.00,15832,-3024,6744,-340,-424,-1047,
227.00,252.00,271.00,14.00,-12.00,15312,-2988,5620,-626,-522,512,
218.00,251.00,271.00,14.00,-12.00,15640,-3072,5256,-994,50,-180,
234.00,245.00,274.00,14.00,-13.00,16124,-3312,4980,-695,-194,175,
225.00,251.00,263.00,14.00,-12.00,15620,-3784,4300,-331,482,436,
225.00,251.00,265.00,14.00,-12.00,16168,-3916,3800,-532,-685,94,
227.00,252.00,265.00,13.00,-12.00,16324,-3980,3056,-1046,-419,410,
225.00,249.00,265.00,14.00,-12.00,15836,-4096,2336,-811,-534,445,1
223.00,235.00,261.00,13.00,-12.00,14992,-3732,6480,-367,-258,-258,
223.00,274.00,263.00,13.00,-13.00,15720,-3804,6516,-863,-153,-718,
222.00,249.00,261.00,13.00,-12.00,15488,-2552,5780,-533,-386,-404,
214.00,251.00,255.00,11.00,-12.00,15536,-3056,5388,-737,-93,-628,
225.00,241.00,269.00,13.00,-12.00,15912,-2780,4908,-502,-106,74,
225.00,252.00,271.00,12.00,-12.00,15792,-2868,4672,-825,206,237,
223.00,247.00,263.00,13.00,-12.00,16240,-3424,4132,-682,-285,811,
225.00,249.00,261.00,13.00,-12.00,16080,-3652,3000,-776,148,385,
204.00,247.00,265.00,13.00,-12.00,16372,-4132,2732,-1158,-99,553,
263.00,274.00,271.00,12.00,-12.00,15940,-4456,2444,-1119,-873,692,1
206.00,235.00,245.00,9.00,-15.00,14732,-3856,7164,-207,289,224,
211.00,234.00,249.00,10.00,-15.00,15516,-3816,6696,-663,19,-986,
211.00,234.00,251.00,10.00,-15.00,14928,-3344,7012,-800,418,-969,
214.00,237.00,247.00,10.00,-15.00,15556,-2936,6100,-811,-144,313,
214.00,239.00,247.00,10.00,-15.00,15716,-3460,5704,-578,-235,409,
207.00,239.00,281.00,9.00,-15.00,15700,-3088,5692,-740,-213,21,
203.00,241.00,228.00,9.00,-15.00,15892,-3676,4580,-645,-363,66,
214.00,235.00,245.00,10.00,-15.00,15976,-4332,3840,-1830,-934,1131,
209.00,237.00,255.00,12.00,-15.00,15904,-3804,1976,-1624,-903,374,
211.00,239.00,252.00,11.00,-15.00,16644,-4320,1856,-905,-174,1149,1
207.00,211.00,274.00,12.00,-14.00,14424,-3188,6992,-512,-272,409,
207.00,230.00,245.00,11.00,-14.00,15180,-3300,6188,-663,83,-301,
204.00,237.00,247.00,11.00,-14.00,15552,-2516,7100,-381,390,36,
211.00,234.00,243.00,11.00,-14.00,15592,-3008,6076,-411,22,700,
211.00,235.00,245.00,11.00,-14.00,15940,-3460,5528,-478,-234,591,
188.00,247.00,249.00,11.00,-14.00,15848,-3348,5336,-860,-55,344,
214.00,249.00,259.00,11.00,-14.00,15880,-3640,4860,-1041,30,112,
209.00,234.00,247.00,11.00,-14.00,15804,-4084,4128,-1266,-1159,247,
206.00,234.00,243.00,11.00,-14.00,15688,-4568,2940,-543,-2,275,
209.00,235.00,247.00,11.00,-14.00,16072,-5092,2600,-1391,-114,475,1
235.00,265.00,281.00,13.00,-14.00,17168,-2568,-1144,-579,218,-442,
234.00,265.00,288.00,13.00,-14.00,16140,-2052,-1584,-299,-362,-524,
235.00,265.00,285.00,13.00,-14.00,16608,-1460,-1484,-295,-455,633,
234.00,263.00,285.00,13.00,-14.00,16448,-1812,-2192,112,225,-45,
235.00,263.00,285.00,13.00,-14.00,16744,-2304,-2320,-1046,85,-258,
235.00,265.00,283.00,13.00,-14.00,16572,-2576,-2656,-643,573,604,
235.00,261.00,281.00,13.00,-14.00,16392,-2968,-3128,-831,-155,483,
237.00,263.00,285.00,13.00,-14.00,16032,-3824,-3876,-657,-50,501,
234.00,261.00,283.00,13.00,-14.00,15504,-3952,-4412,-205,191,1181,
232.00,263.00,285.00,13.00,-14.00,15776,-4872,-4684,-466,-409,813,1
234.00,261.00,285.00,15.00,-12.00,16296,-3388,-2968,-218,-286,356,
235.00,265.00,285.00,15.00,-13.00,16812,-3552,-3560,-510,437,87,
247.00,247.00,281.00,16.00,-12.00,16376,-3616,-3348,-471,390,54,
235.00,269.00,281.00,14.00,-13.00,16140,-3320,-3824,-807,-571,-172,
234.00,232.00,328.00,18.00,-13.00,15928,-3836,-4432,-321,195,952,
234.00,271.00,278.00,15.00,-12.00,16176,-3972,-3772,-1242,-303,174,
237.00,252.00,257.00,16.00,-12.00,15312,-3468,-4796,-656,-496,663,
217.00,306.00,295.00,19.00,-12.00,15464,-4588,-5736,-625,-621,558,
252.00,269.00,285.00,15.00,-12.00,14784,-5000,-6132,-910,-646,-31,
234.00,257.00,325.00,14.00,-12.00,15096,-4776,-6960,-348,-248,762,1
235.00,265.00,271.00,15.00,-12.00,16852,868,2844,-252,646,3414,
225.00,247.00,271.00,14.00,-11.00,17240,-484,2352,-2664,-1154,-965,
223.00,251.00,285.00,15.00,-12.00,17160,-68,624,-341,-2034,835,
230.00,265.00,290.00,13.00,-12.00,16944,-712,-1084,-1432,-459,836,
232.00,283.00,285.00,12.00,-13.00,16916,-432,-1500,-674,-1159,1031,
234.00,293.00,241.00,14.00,-12.00,17000,-1524,-2092,-491,-269,778,
263.00,267.00,271.00,14.00,-11.00,16604,-2080,-2580,-871,-751,1037,
234.00,265.00,281.00,15.00,-12.00,16508,-2792,-3504,-599,416,1475,
230.00,261.00,278.00,15.00,-12.00,15456,-4572,-4572,-404,-363,309,
235.00,263.00,278.00,15.00,-12.00,15553,-1,-1,-469,-405,642,1
235.00,265.00,285.00,13.00,-14.00,17056,-2200,388,168,502,355,
241.00,259.00,269.00,12.00,-13.00,16620,-2716,252,-59,-265,245,
239.00,263.00,278.00,13.00,-14.00,16792,-3224,-444,-835,-794,162,
234.00,261.00,283.00,13.00,-13.00,16388,-3980,-1284,16388,-3980,-1284,
241.00,261.00,281.00,14.00,-13.00,16144,-3692,-1404,-425,-318,917,
237.00,265.00,281.00,13.00,-13.00,15920,-4568,-2940,-1198,-826,410,
235.00,265.00,288.00,14.00,-13.00,16132,-4864,-3908,-799,371,733,
234.00,265.00,288.00,14.00,-13.00,15640,-5824,-3912,928,-311,2109,
235.00,265.00,281.00,13.00,-13.00,13016,-7832,-6260,-1034,-2656,-776,
237.00,263.00,283.00,13.00,-13.00,11972,-7152,-9772,-6345,-3177,-1353,1
234.00,261.00,274.00,13.00,-14.00,16056,-1964,-3632,-67,-318,459,
232.00,261.00,276.00,13.00,-14.00,15280,-3028,-4188,-651,119,318,
234.00,263.00,276.00,13.00,-14.00,16832,-2268,-3959,-397,-129,632,
232.00,261.00,278.00,13.00,-14.00,15812,-2936,-4544,-425,-962,619,
232.00,263.00,281.00,13.00,-14.00,16132,-3044,-4772,-588,233,123,
235.00,263.00,281.00,13.00,-14.00,15996,-3720,-4928,-935,-235,906,
232.00,263.00,281.00,13.00,-14.00,15556,-3972,-4944,-1704,-2592,255,
234.00,263.00,281.00,13.00,-14.00,14816,-4584,-6084,-514,-11,821,
237.00,263.00,278.00,13.00,-14.00,14628,-5028,-6924,-727,33,720,
234.00,263.00,278.00,13.00,-14.00,14668,-4972,-7168,-413,-382,848,1
234.00,265.00,278.00,15.00,-12.00,16384,-4092,-2132,-568,268,690,
232.00,265.00,281.00,15.00,-12.00,16404,-3868,-1904,-496,506,504,
232.00,259.00,278.00,15.00,-12.00,16060,-3024,-1588,-805,-489,58,
232.00,261.00,283.00,15.00,-12.00,16332,-3688,-2164,-906,-342,225,
232.00,257.00,278.00,15.00,-12.00,15900,-3356,-2596,-430,-641,-465,
235.00,265.00,274.00,15.00,-12.00,16384,-4248,-3276,-868,23,853,
234.00,265.00,276.00,15.00,-12.00,16224,-4252,-3848,60,35,543,
243.00,259.00,328.00,12.00,-12.00,15564,-4372,-4952,-507,-197,742,
239.00,235.00,293.00,14.00,-12.00,15412,-4436,-5456,-347,345,546,
235.00,267.00,241.00,16.00,-12.00,15224,-4900,-5204,-970,-769,535,1
241.00,257.00,241.00,10.00,-14.00,16092,-3268,-3104,239,398,971,
234.00,267.00,283.00,13.00,-14.00,16236,-3972,-2248,-130,-46,200,
234.00,263.00,269.00,13.00,-14.00,16500,-3488,-2884,-989,139,-150,
218.00,261.00,269.00,13.00,-14.00,15992,-3924,-3248,-676,-306,-36,
235.00,267.00,271.00,13.00,-14.00,16264,-3928,-4024,-787,-76,-68,
234.00,261.00,281.00,13.00,-14.00,15912,-4224,-3768,-822,352,441,
234.00,261.00,276.00,13.00,-14.00,15788,-4052,-4224,-394,419,410,
234.00,261.00,276.00,13.00,-14.00,15160,-4732,-5272,-1126,-172,880,
235.00,265.00,285.00,13.00,-14.00,15372,-4280,-5312,-677,-158,-216,
234.00,259.00,278.00,12.00,-14.00,14572,-4916,-6736,-574,45,2138,1
234.00,265.00,283.00,15.00,-12.00,16280,-4776,-916,-375,361,-405,
225.00,276.00,288.00,15.00,-12.00,16236,-4932,-564,-146,-30,-24,
234.00,281.00,265.00,15.00,-12.00,16000,-5060,-1292,-981,-248,485,
237.00,261.00,334.00,15.00,-12.00,15640,-4956,-1764,70,-753,290,
235.00,261.00,269.00,15.00,-12.00,16212,-4772,-2048,-835,295,150,
237.00,263.00,276.00,15.00,-12.00,15300,-4964,-2644,-2089,-290,134,
234.00,257.00,276.00,15.00,-12.00,15736,-5324,-3248,-1222,-696,1380,
245.00,269.00,271.00,16.00,-12.00,16008,-4956,-4384,-345,13,1003,
235.00,265.00,251.00,13.00,-12.00,14716,-5096,-5952,-908,-513,-273,
251.00,271.00,243.00,15.00,-12.00,14776,-6088,-5992,-1492,-953,1257,1
237.00,263.00,278.00,14.00,-13.00,16884,-3248,-3328,310,-53,566,
234.00,263.00,283.00,14.00,-13.00,16076,-3536,-3212,-175,10,345,
234.00,243.00,295.00,16.00,-12.00,16468,-3664,-2884,-363,518,211,
237.00,274.00,314.00,14.00,-13.00,16428,-2724,-2508,-605,-653,345,
234.00,265.00,251.00,15.00,-13.00,16696,-3440,-3168,-135,-132,285,
257.00,252.00,281.00,15.00,-13.00,15948,-4012,-3728,-479,287,411,
237.00,269.00,281.00,14.00,-13.00,15372,-4288,-4728,-433,-354,733,
234.00,263.00,271.00,14.00,-13.00,15484,-5112,-5524,-1031,160,377,
230.00,267.00,285.00,15.00,-13.00,14696,-5616,-6584,-492,-953,555,
227.00,255.00,293.00,14.00,-13.00,14264,-6160,-6960,-806,-164,1793,1
237.00,267.00,283.00,14.00,-12.00,15568,-4280,-5500,-505,601,230,
237.00,265.00,281.00,14.00,-12.00,16060,-4452,-5032,-409,564,501,
241.00,267.00,278.00,14.00,-12.00,15600,-4352,-4580,-308,840,435,
239.00,267.00,288.00,14.00,-12.00,15420,-4844,-4828,-760,-72,-50,
249.00,267.00,259.00,13.00,-12.00,15580,-4836,-4980,-513,480,448,
218.00,261.00,278.00,12.00,-13.00,14916,-10241,-1,-305,302,756,
230.00,265.00,285.00,14.00,-12.00,15028,-4888,-5296,-928,-2,-258,
239.00,269.00,281.00,15.00,-12.00,15004,-5360,-5592,-209,-368,247,
237.00,265.00,283.00,14.00,-12.00,14876,-5776,-6056,-470,-2,333,
241.00,265.00,278.00,14.00,-12.00,14568,-6016,-6408,-1154,-975,875,1
214.00,259.00,278.00,14.00,-12.00,15644,-6868,488,-119,459,-663,
239.00,271.00,278.00,14.00,-12.00,16020,-5616,620,-576,357,-606,
235.00,265.00,278.00,15.00,-12.00,16116,-5520,-256,-194,-414,-551,
239.00,265.00,278.00,15.00,-12.00,16376,-4732,-736,-83,-212,13,
237.00,263.00,278.00,15.00,-12.00,16108,-4844,-2156,-678,-1472,-567,
237.00,263.00,276.00,15.00,-12.00,15748,-4920,-3484,-154,-1368,304,
237.00,265.00,278.00,15.00,-12.00,15684,-4312,-4156,-628,-60,138,
237.00,265.00,276.00,15.00,-12.00,15336,-4952,-4528,-421,-585,506,
239.00,267.00,283.00,15.00,-12.00,14560,-5372,-5980,-1463,-789,1090,
235.00,265.00,281.00,15.00,-12.00,13960,-5780,-7620,-1448,-1046,1249,1
234.00,263.00,281.00,12.00,-15.00,16020,-5092,-2724,121,56,-475,
232.00,265.00,293.00,14.00,-13.00,15748,-4916,-2652,-673,218,88,
235.00,263.00,276.00,13.00,-13.00,15396,-4032,-3676,-920,-379,550,
232.00,263.00,278.00,13.00,-13.00,16016,-5484,-3860,-802,597,477,
234.00,263.00,283.00,14.00,-13.00,15440,-4868,-3920,-527,250,574,
234.00,263.00,281.00,13.00,-13.00,16072,-5360,-3868,-418,323,286,
237.00,265.00,278.00,13.00,-13.00,14976,-4624,-6392,177,132,-177,
247.00,265.00,278.00,14.00,-14.00,14268,-5140,-6740,-666,-52,621,
235.00,263.00,283.00,14.00,-13.00,14472,-5736,-7012,-490,-393,483,
237.00,265.00,281.00,14.00,-13.00,13996,-5668,-7540,-304,-85,501,1
239.00,265.00,278.00,13.00,-13.00,15340,-6612,-1440,92,1141,-1130,
237.00,265.00,281.00,13.00,-13.00,15620,-7124,-940,-648,36,-289,
217.00,255.00,347.00,13.00,-13.00,15708,-5960,-1656,685,-1386,-314,
251.00,265.00,281.00,14.00,-13.00,15852,-6004,-2184,24,-536,-98,
237.00,263.00,288.00,13.00,-13.00,15692,-5592,-2468,-484,441,601,
237.00,263.00,278.00,13.00,-13.00,16164,-5200,-2812,-611,-314,5,
237.00,263.00,276.00,13.00,-13.00,15732,-5976,-3720,-969,-232,259,
237.00,263.00,278.00,13.00,-13.00,15260,-6180,-4124,-1312,-484,137,
235.00,261.00,281.00,13.00,-13.00,14860,-6632,-5968,-232,-406,391,
237.00,265.00,283.00,13.00,-13.00,13700,-6528,-8196,-920,-830,462,1
237.00,263.00,276.00,14.00,-13.00,15860,-5584,-688,-771,51,63,
252.00,283.00,267.00,14.00,-13.00,16028,-5172,-820,-1546,480,-48,
234.00,252.00,283.00,15.00,-12.00,15652,-5612,-48,-554,510,-472,
235.00,263.00,281.00,14.00,-13.00,15448,-5124,-3012,-308,313,104,
234.00,261.00,278.00,14.00,-13.00,15576,-6080,-3344,-1096,-594,490,
235.00,265.00,278.00,14.00,-13.00,15676,-5736,-3220,-1336,1429,182,
235.00,265.00,278.00,14.00,-13.00,15588,-5128,-3624,-1778,292,932,
235.00,263.00,274.00,14.00,-13.00,15876,-5420,-4692,243,455,-560,
235.00,263.00,278.00,14.00,-13.00,15444,-5580,-5000,-1563,-259,-515,
234.00,259.00,276.00,14.00,-13.00,14728,-5704,-6684,-2093,-126,348,1
237.00,269.00,281.00,13.00,-13.00,16420,-3896,1832,-625,112,92,
239.00,267.00,285.00,14.00,-13.00,15924,-3984,-196,-1813,-175,-609,
247.00,274.00,285.00,14.00,-13.00,16308,-3684,-1424,-947,352,766,
241.00,269.00,285.00,13.00,-13.00,16268,-3596,-1708,-301,-2539,551,
239.00,269.00,285.00,14.00,-13.00,16168,-4556,-2084,300,1051,629,
241.00,269.00,285.00,14.00,-13.00,15832,-4428,-2548,-929,140,979,
239.00,269.00,285.00,14.00,-13.00,15436,-5692,-4304,-1805,-553,938,
241.00,269.00,281.00,14.00,-13.00,15304,-5588,-5040,-657,-54,-365,
241.00,271.00,281.00,14.00,-13.00,14432,-6236,-5048,147,-680,-122,
257.00,269.00,281.00,14.00,-13.00,14472,-6752,-5788,117,-1281,534,1
237.00,265.00,278.00,14.00,-13.00,16708,-3748,1212,-680,433,1002,
232.00,255.00,265.00,14.00,-14.00,16032,-4360,576,-292,69,-681,
241.00,265.00,283.00,14.00,-13.00,16672,-4832,180,-268,22,559,
239.00,265.00,283.00,14.00,-13.00,16364,-4072,-248,-331,-71,162,
239.00,267.00,281.00,13.00,-13.00,16600,-4152,-1032,-844,-881,-141,
239.00,267.00,285.00,13.00,-13.00,15988,-4128,-1616,-173,-85,719,
245.00,259.00,281.00,14.00,-13.00,16080,-4296,-2240,-811,297,311,
237.00,265.00,276.00,12.00,-14.00,15956,-4996,-2532,-491,-115,121,
241.00,267.00,288.00,14.00,-13.00,15832,-4720,-2172,233,510,-258,
241.00,267.00,265.00,14.00,-13.00,15456,-5552,-3116,-557,-634,835,1
251.00,278.00,281.00,13.00,-13.00,15840,-6452,-1292,1084,-729,-644,
234.00,269.00,281.00,14.00,-13.00,16316,-6020,-416,-1086,1408,-694,
241.00,274.00,290.00,13.00,-13.00,15528,-4932,-952,-366,-1489,50,
252.00,281.00,281.00,14.00,-13.00,16140,-5392,-2488,-1197,-1480,290,
252.00,278.00,293.00,13.00,-13.00,16384,-5184,-2060,-462,-9,-58,
237.00,267.00,288.00,13.00,-13.00,15832,-5292,-2852,-766,-20,68,
241.00,267.00,283.00,13.00,-13.00,16056,-5084,-2268,-365,1000,202,
241.00,271.00,283.00,13.00,-13.00,15100,-5228,-3044,-434,-423,1219,
239.00,269.00,283.00,14.00,-13.00,15048,-6528,-4296,-807,-587,243,
241.00,267.00,281.00,14.00,-13.00,14068,-6308,-5244,-505,-503,-245,1
243.00,271.00,288.00,15.00,-12.00,16064,-3752,-2604,-168,-54,3,
239.00,267.00,281.00,15.00,-12.00,15908,-4176,-3228,-883,-449,-383,
234.00,263.00,283.00,15.00,-12.00,15660,-4380,-4628,-1094,-1001,813,
235.00,263.00,274.00,15.00,-12.00,16088,-4012,-4880,-65,-99,587,
245.00,274.00,283.00,15.00,-12.00,15568,-4260,-5056,-754,-244,513,
243.00,274.00,283.00,13.00,-13.00,15312,-4316,-6024,-998,39,337,
227.00,259.00,288.00,16.00,-12.00,15100,-5024,-6728,-57,257,1003,
243.00,274.00,278.00,15.00,-12.00,14648,-4636,-6596,-1052,-963,1616,
234.00,285.00,283.00,13.00,-13.00,14120,-5632,-7440,124,-257,982,
249.00,274.00,283.00,14.00,-12.00,13572,-5304,-8040,-1169,-1603,-124,1
235.00,267.00,283.00,16.00,-12.00,15844,-5308,-1200,1083,-510,714,
241.00,274.00,261.00,13.00,-14.00,16032,-5372,-1032,-316,84,-976,
239.00,271.00,290.00,9.00,-16.00,16476,-4288,-1452,-1005,549,-343,
239.00,271.00,283.00,13.00,-14.00,16388,-3604,-2536,43,-1616,-147,
239.00,271.00,281.00,11.00,-15.00,16536,-3584,-3256,-2,-258,-258,
237.00,274.00,285.00,12.00,-14.00,16044,-3368,-3132,-1439,471,401,
243.00,274.00,285.00,12.00,-14.00,16188,-3320,-2956,234,50,364,
239.00,271.00,228.00,15.00,-15.00,16060,-3232,-3456,-272,-359,432,
230.00,274.00,274.00,12.00,-15.00,15848,-3664,-4312,-701,21,364,
249.00,288.00,298.00,12.00,-14.00,15648,-4492,-5472,-996,-1013,757,1
251.00,271.00,239.00,15.00,-12.00,13220,-6680,-3476,718,1845,-207,
245.00,257.00,274.00,15.00,-12.00,16816,-4412,656,-589,-109,-374,
237.00,257.00,259.00,15.00,-12.00,16104,-4300,-840,-297,-341,-454,
241.00,267.00,278.00,14.00,-12.00,15972,-4648,-1972,-1001,-1225,-82,
230.00,265.00,269.00,16.00,-13.00,15800,-4596,-2844,-296,-258,473,
234.00,271.00,271.00,16.00,-12.00,16320,-4468,-3192,-602,-90,84,
235.00,267.00,274.00,14.00,-12.00,15688,-5316,-3644,-1135,339,106,
235.00,263.00,274.00,15.00,-12.00,16212,-5316,-4252,-269,155,-258,
234.00,263.00,281.00,15.00,-12.00,15396,-5468,-4548,-606,174,203,
234.00,267.00,281.00,15.00,-12.00,14456,-5932,-5284,-918,-605,935,1
232.00,274.00,255.00,12.00,-14.00,15708,-5476,-1116,-1058,-482,-149,
239.00,267.00,281.00,14.00,-13.00,15756,-5072,-1744,-1108,-287,941,
239.00,265.00,281.00,14.00,-13.00,16164,-5740,-2752,-13,201,-258,
235.00,265.00,281.00,14.00,-13.00,15540,-5160,-3268,-175,679,168,
237.00,257.00,271.00,13.00,-13.00,15560,-5960,-3800,-1485,-369,287,
239.00,267.00,288.00,14.00,-13.00,15192,-5432,-5096,-766,-33,1459,
235.00,265.00,281.00,14.00,-13.00,15080,-5532,-5532,-606,-403,-309,
241.00,265.00,278.00,14.00,-13.00,14880,-5472,-4764,-925,266,1090,
239.00,269.00,285.00,14.00,-13.00,14724,-6248,-5904,-437,-294,641,
237.00,269.00,288.00,14.00,-13.00,14284,-6388,-6188,-912,73,-144,1
239.00,271.00,283.00,14.00,-13.00,16284,-4000,-1236,-1546,552,437,
245.00,274.00,283.00,14.00,-13.00,15764,-4164,-2296,391,-4565,31,
241.00,271.00,288.00,14.00,-13.00,15968,-4108,-3368,-757,-507,509,
243.00,274.00,288.00,14.00,-13.00,16016,-4496,-4304,-822,-1157,656,
245.00,274.00,285.00,14.00,-13.00,15868,-4592,-4836,-458,262,309,
239.00,269.00,288.00,14.00,-13.00,14832,-4964,-5660,-507,-361,667,
241.00,274.00,285.00,14.00,-13.00,14528,-5276,-6432,-755,227,511,
235.00,278.00,274.00,14.00,-13.00,14608,-5896,-6588,-617,279,247,
232.00,263.00,278.00,13.00,-13.00,13996,-6160,-7192,-795,57,260,
245.00,278.00,269.00,14.00,-12.00,13544,-6252,-8124,-534,-583,476,1
241.00,271.00,281.00,12.00,-14.00,16472,-5016,928,-276,285,265,
241.00,274.00,281.00,12.00,-14.00,16660,-4740,1036,-62,36,-226,
251.00,271.00,267.00,12.00,-14.00,16768,-5560,-392,-1243,-4765,58,
237.00,274.00,311.00,14.00,-14.00,15992,-5360,-3376,-183,-2113,766,
247.00,267.00,269.00,12.00,-14.00,15096,-5544,-5180,-1276,-614,789,
243.00,269.00,290.00,12.00,-14.00,14628,-5464,-6556,-215,-392,415,
243.00,269.00,285.00,12.00,-14.00,14068,-5504,-6884,-1009,-759,503,
241.00,274.00,288.00,12.00,-14.00,13560,-6368,-7588,39,16,1360,
243.00,274.00,281.00,12.00,-14.00,13244,-6172,-8480,-861,-201,595,
239.00,271.00,285.00,12.00,-14.00,12020,-7324,-10588,-1227,-278,616,1
237.00,259.00,269.00,11.00,-15.00,15684,-5036,404,1070,-5721,-1782,
237.00,269.00,249.00,10.00,-15.00,15776,-4468,-1632,-491,-516,-213,
237.00,239.00,249.00,11.00,-16.00,16268,-5048,-2360,-319,-389,-853,
222.00,278.00,251.00,11.00,-16.00,15924,-4928,-2568,-434,-40,156,
241.00,263.00,285.00,11.00,-15.00,15664,-4744,-2820,-297,318,492,
237.00,265.00,276.00,12.00,-15.00,15508,-4736,-3980,-198,-758,1465,
245.00,265.00,281.00,11.00,-15.00,14908,-5104,-5176,-1112,-1289,-83,
237.00,283.00,288.00,12.00,-14.00,14048,-5028,-7224,-1205,-2412,311,
237.00,265.00,281.00,11.00,-15.00,13464,-5860,-8052,-341,-507,967,
245.00,267.00,285.00,11.00,-15.00,12992,-6312,-8712,-527,-497,417,1
232.00,261.00,278.00,13.00,-14.00,15824,-5096,-2632,-2050,-258,-258,
235.00,265.00,278.00,13.00,-13.00,15812,-5432,-2456,-606,-1178,-382,
237.00,263.00,274.00,6.00,-20.00,15992,-5024,-3612,-1026,-258,-258,
239.00,274.00,267.00,13.00,-13.00,15924,-5132,-4244,-630,-150,917,
234.00,263.00,283.00,14.00,-13.00,14892,-5048,-5732,-1011,-932,159,
257.00,267.00,285.00,10.00,-14.00,14948,-5408,-5344,-774,-944,514,
245.00,267.00,278.00,15.00,-12.00,13952,-6548,-7204,-287,-159,647,
241.00,276.00,283.00,14.00,-13.00,13660,-6560,-7580,60,24,698,
239.00,261.00,283.00,16.00,-12.00,12836,-7056,-9008,-301,-339,3073,
241.00,261.00,288.00,14.00,-12.00,11736,-5604,-8860,-5142,-3769,1421,1
232.00,278.00,293.00,14.00,-12.00,16460,-3636,-1340,397,762,724,
228.00,267.00,283.00,14.00,-14.00,16144,-3396,-1760,-276,-498,34,
237.00,265.00,283.00,14.00,-13.00,15956,-3600,-1668,-110,290,303,
237.00,265.00,281.00,13.00,-13.00,16144,-4248,-2488,-199,-1,-1,
237.00,267.00,288.00,14.00,-13.00,16116,-4124,-2892,178,244,345,
228.00,261.00,298.00,16.00,-13.00,15872,-4684,-3396,-579,87,598,
247.00,274.00,290.00,14.00,-13.00,15328,-5340,-4576,-819,-1002,791,
235.00,261.00,274.00,15.00,-13.00,14912,-5856,-6008,-1177,-994,1290,
207.00,239.00,300.00,14.00,-13.00,14212,-6600,-7716,-1412,-1972,2363,
237.00,269.00,285.00,14.00,-13.00,13952,-6900,-8044,-182,-81,-163,1
243.00,271.00,290.00,13.00,-13.00,16216,-5580,-1500,-91,-1644,74,
243.00,271.00,290.00,13.00,-14.00,15592,-5116,-1888,-613,-253,-36,
243.00,271.00,290.00,13.00,-13.00,16224,-5068,-2876,-805,-3442,177,
241.00,269.00,293.00,13.00,-13.00,14348,-5536,-5328,-290,-172,584,
241.00,271.00,295.00,13.00,-13.00,14592,-5200,-6368,-1204,613,-72,
243.00,274.00,293.00,13.00,-13.00,14700,-5772,-7096,-1326,243,397,
243.00,271.00,295.00,13.00,-13.00,13296,-5388,-8820,-1953,-3737,-9,
243.00,271.00,293.00,13.00,-13.00,11640,-5028,-10260,-754,-1095,1102,
241.00,269.00,274.00,12.00,-14.00,10788,-4544,-11392,-3336,-2940,2359,
247.00,274.00,290.00,12.00,-15.00,7064,-5176,-15012,-1961,-1229,876,1
239.00,265.00,290.00,14.00,-13.00,16028,-6176,-2440,-857,-10,317,
239.00,247.00,283.00,13.00,-13.00,15200,-5620,-2312,-196,1249,207,
235.00,265.00,283.00,14.00,-13.00,14748,-6028,-3644,-1160,-1459,841,
232.00,265.00,283.00,14.00,-13.00,15404,-5900,-4680,700,-2419,-581,
232.00,265.00,285.00,13.00,-13.00,15112,-6296,-4668,-362,-1198,427,
237.00,269.00,283.00,13.00,-13.00,14644,-6036,-5292,-113,476,676,
235.00,265.00,276.00,13.00,-13.00,14368,-6756,-6064,-336,-463,408,
235.00,269.00,300.00,14.00,-13.00,14384,-6036,-6152,-657,-866,106,
237.00,265.00,283.00,14.00,-13.00,13808,-6668,-8084,-1452,-1168,503,
232.00,263.00,269.00,13.00,-13.00,13368,-6432,-8212,-1496,-711,857,1
239.00,267.00,281.00,14.00,-12.00,15668,-6156,-1916,307,45,27,
235.00,267.00,276.00,14.00,-12.00,15464,-6280,-2116,-2478,272,203,
245.00,269.00,334.00,12.00,-13.00,15632,-6060,-3160,-896,354,-560,
259.00,261.00,285.00,13.00,-13.00,15524,-6356,-4084,-872,-663,-49,
232.00,267.00,285.00,16.00,-12.00,16136,-5156,-2688,2558,-5476,-428,
215.00,283.00,295.00,12.00,-12.00,14924,-6644,-4780,-496,414,367,
239.00,263.00,271.00,15.00,-12.00,14481,-1,-1,-1217,-447,526,
235.00,263.00,283.00,15.00,-12.00,14072,-6484,-7076,-1140,-955,204,
239.00,269.00,283.00,14.00,-12.00,13944,-6740,-6696,537,326,597,
241.00,269.00,281.00,14.00,-12.00,13476,-6544,-7848,-663,-1035,-340,1
234.00,267.00,285.00,15.00,-12.00,16048,-5460,324,-1029,-2,-258,
237.00,267.00,283.00,15.00,-12.00,16128,-5672,-48,-799,-424,-677,
222.00,261.00,285.00,15.00,-12.00,16020,-5928,-1988,-2067,-580,621,
239.00,263.00,283.00,15.00,-12.00,15488,-5600,-3388,-1550,-757,648,
235.00,267.00,283.00,15.00,-12.00,15164,-6284,-4700,-201,-84,285,
243.00,257.00,285.00,15.00,-12.00,15128,-6096,-5404,-1517,-264,1229,
235.00,265.00,281.00,15.00,-12.00,14512,-6332,-5248,-833,-2536,1179,
234.00,265.00,288.00,15.00,-12.00,13912,-6644,-6472,-1126,-385,146,
232.00,263.00,281.00,15.00,-12.00,13064,-7092,-8152,-1300,-397,1246,
241.00,265.00,263.00,15.00,-12.00,13792,-6764,-7412,-456,-359,870,1
235.00,263.00,281.00,12.00,-14.00,16152,-2940,2112,-1079,221,789,
222.00,243.00,271.00,12.00,-14.00,16192,-5156,-208,-952,-489,220,
243.00,269.00,288.00,11.00,-14.00,16228,-4716,-888,-39,-585,68,
237.00,269.00,278.00,13.00,-13.00,16952,-3824,-1412,1796,-3609,-359,
237.00,271.00,288.00,12.00,-14.00,15920,-4568,-3812,-898,-97,604,
239.00,265.00,281.00,13.00,-13.00,15604,-5116,-4480,-822,-194,771,
235.00,263.00,278.00,13.00,-13.00,14948,-5536,-5232,-130,282,178,
234.00,263.00,281.00,13.00,-13.00,14704,-6120,-5780,-1422,-816,1014,
234.00,263.00,278.00,13.00,-14.00,14124,-6820,-6980,-1620,-850,2232,
247.00,274.00,281.00,11.00,-15.00,11520,-6856,-8344,-542,-109,2545,1
235.00,267.00,285.00,13.00,-14.00,15796,-5936,888,-791,-707,-248,
235.00,267.00,281.00,13.00,-13.00,16420,-5296,308,-1395,1480,-294,
241.00,267.00,283.00,13.00,-14.00,16276,-5404,-1388,-31,-2832,115,
237.00,263.00,285.00,13.00,-13.00,15588,-4884,-2562,-321,-1825,-375,
237.00,267.00,283.00,13.00,-14.00,15548,-4980,-3072,15548,-4980,-3072,
243.00,257.00,276.00,13.00,-14.00,15000,-5996,-4364,-600,18,611,
237.00,265.00,283.00,13.00,-13.00,14748,-6336,-4984,-514,-473,825,
235.00,263.00,278.00,13.00,-14.00,14776,-5932,-6748,-1509,45,842,
234.00,265.00,281.00,13.00,-14.00,14784,-6076,-6516,283,602,392,
230.00,263.00,281.00,13.00,-14.00,12532,-6864,-8332,-2837,-1330,1500,1
245.00,257.00,247.00,12.00,-14.00,15648,-5160,1076,137,-188,-695,
243.00,271.00,295.00,13.00,-14.00,16500,-4884,1104,-1914,179,-1356,
239.00,267.00,288.00,13.00,-14.00,16244,-4316,-492,-618,-353,519,
241.00,274.00,295.00,13.00,-14.00,16428,-4136,-1260,-778,395,673,
241.00,274.00,288.00,13.00,-14.00,16440,-4804,-2604,-611,516,568,
239.00,271.00,285.00,13.00,-14.00,16084,-4876,-2544,-1931,-561,1178,
241.00,269.00,285.00,13.00,-14.00,15452,-6084,-4936,-2415,-2187,2179,
241.00,285.00,295.00,14.00,-14.00,13644,-6696,-6004,-1035,-29,1019,
243.00,274.00,295.00,13.00,-14.00,13664,-7184,-6440,-1428,-390,1728,
235.00,281.00,278.00,13.00,-14.00,11652,-8364,-7852,-1846,-141,98,1
239.00,269.00,283.00,13.00,-14.00,16412,-2892,-124,-835,36,840,
234.00,265.00,278.00,13.00,-14.00,16164,-4316,244,335,-4213,-557,
249.00,281.00,285.00,12.00,-14.00,15704,-4668,-2996,-592,-1006,-721,
237.00,265.00,281.00,13.00,-14.00,16328,-3588,-3152,-1181,-239,1249,
235.00,263.00,281.00,13.00,-14.00,15848,-4088,-3876,-643,-295,364,
239.00,263.00,283.00,13.00,-14.00,15548,-5812,-4676,-2334,-596,928,
235.00,255.00,281.00,13.00,-14.00,13988,-6056,-6672,-1851,-3091,241,
237.00,261.00,281.00,13.00,-13.00,13860,-6412,-6724,-423,60,32,
235.00,263.00,281.00,13.00,-14.00,14080,-6552,-6464,14080,-6552,-6464,
234.00,259.00,278.00,13.00,-14.00,12912,-7016,-8216,-3617,-2319,785,1
247.00,255.00,278.00,14.00,-13.00,16416,-4140,-224,-490,1245,-48,
234.00,265.00,278.00,14.00,-13.00,16324,-4116,-288,-25,-219,195,
234.00,263.00,281.00,14.00,-13.00,16540,-4320,-1444,-424,-573,118,
234.00,263.00,278.00,14.00,-13.00,16464,-4112,-2048,-697,14,556,
249.00,241.00,257.00,13.00,-13.00,16360,-4368,-2148,-496,-160,301,
234.00,271.00,278.00,12.00,-13.00,16068,-5480,-2544,-632,-390,540,
235.00,265.00,285.00,14.00,-13.00,15768,-5452,-3060,-1269,191,667,
228.00,252.00,274.00,12.00,-13.00,15936,-6136,-3332,-1939,-1240,1053,
234.00,261.00,281.00,14.00,-13.00,15660,-6628,-4376,-1456,-255,-96,
234.00,257.00,278.00,14.00,-13.00,14824,-6660,-5648,-855,-552,279,1
234.00,263.00,276.00,12.00,-15.00,16524,-2788,-1196,-634,435,304,
267.00,252.00,265.00,13.00,-14.00,16228,-2868,-1040,-1060,-280,-138,
232.00,261.00,278.00,12.00,-15.00,16232,-2588,-2488,-73,192,-76,
223.00,255.00,325.00,12.00,-14.00,16152,-3084,-3708,-624,-1696,195,
243.00,271.00,290.00,12.00,-14.00,16024,-3696,-3312,-608,279,653,
241.00,271.00,285.00,11.00,-14.00,15836,-4428,-4140,-742,-155,-24,
232.00,269.00,285.00,12.00,-15.00,15636,-3688,-3956,-340,-1492,23,
230.00,267.00,293.00,12.00,-15.00,15712,-5424,-4503,-1476,-983,896,
249.00,257.00,285.00,14.00,-14.00,15392,-5092,-4644,-1688,-213,670,
218.00,274.00,228.00,11.00,-15.00,14800,-6244,-7528,-3773,-1478,1200,1
247.00,263.00,290.00,13.00,-13.00,16068,-4860,-3688,-372,1652,588,
237.00,267.00,278.00,13.00,-14.00,15632,-3200,-4496,-3556,406,1968,
230.00,265.00,276.00,13.00,-14.00,15160,-4916,-4356,-938,491,304,
235.00,263.00,276.00,13.00,-14.00,15000,-5996,-4496,15000,-5996,-4496,
230.00,276.00,261.00,15.00,-14.00,15424,-5956,-3956,-696,-270,298,
241.00,269.00,295.00,12.00,-14.00,15040,-5904,-4052,-389,-141,-288,
243.00,311.00,274.00,13.00,-14.00,15332,-5668,-4968,-548,-660,1015,
237.00,269.00,278.00,13.00,-14.00,14808,-5672,-4944,67,289,126,
249.00,281.00,295.00,13.00,-13.00,14676,-5540,-6144,-1044,1215,221,
228.00,267.00,269.00,13.00,-13.00,14540,-5792,-6708,-1261,1074,537,1
223.00,249.00,263.00,10.00,-16.00,16392,-3204,636,-273,-578,1447,
223.00,247.00,263.00,10.00,-16.00,16640,-4152,600,-677,243,313,
220.00,249.00,252.00,11.00,-15.00,16516,-4828,-1296,-899,-2647,735,
223.00,249.00,263.00,10.00,-15.00,16164,-4748,-2476,-49,-668,-250,
223.00,245.00,257.00,10.00,-15.00,16168,-4524,-2304,-1222,412,1858,
223.00,247.00,261.00,10.00,-15.00,15664,-5276,-3464,-694,65,392,
220.00,225.00,263.00,10.00,-15.00,15284,-5452,-4112,-1126,-635,931,
222.00,247.00,265.00,10.00,-15.00,15188,-6088,-4668,-442,-187,536,
222.00,247.00,263.00,10.00,-15.00,15604,-5276,-4964,-395,-172,584,
222.00,243.00,263.00,10.00,-15.00,14412,-5348,-6756,-1627,-1083,977,1
206.00,257.00,241.00,11.00,-14.00,15924,-5028,-1768,-719,-295,488,
222.00,252.00,261.00,10.00,-14.00,15728,-4552,-2828,-190,-474,412,
222.00,241.00,263.00,13.00,-13.00,15920,-5152,-4284,419,-1079,-147,
223.00,237.00,263.00,13.00,-13.00,15344,-5128,-4980,-706,364,322,
217.00,247.00,283.00,14.00,-13.00,15496,-4520,-4752,-557,426,484,
222.00,235.00,267.00,14.00,-13.00,14840,-5020,-5844,-1491,-1922,45,
223.00,245.00,259.00,13.00,-13.00,15028,-4796,-6248,-1002,356,983,
227.00,251.00,267.00,13.00,-13.00,14104,-6200,-7572,-1477,-651,889,
220.00,249.00,271.00,13.00,-13.00,13376,-6640,-9048,-1371,280,983,
218.00,234.00,274.00,12.00,-13.00,13264,-6188,-8820,-1388,-186,-884,1
225.00,249.00,267.00,15.00,-12.00,15192,-7040,-2736,-7,-9,54,
232.00,252.00,261.00,15.00,-12.00,15148,-7208,-3424,-440,-1961,-520,
230.00,252.00,267.00,15.00,-12.00,15484,-6236,-2856,-709,-1088,-259,
227.00,249.00,265.00,15.00,-12.00,15596,-6208,-3620,-1288,-1737,-788,
217.00,257.00,276.00,15.00,-12.00,16120,-5236,-3336,-1116,-1120,209,
227.00,261.00,274.00,15.00,-12.00,15452,-5536,-4056,-299,203,413,
237.00,251.00,267.00,14.00,-12.00,14984,-5384,-4228,-109,657,973,
230.00,257.00,271.00,15.00,-12.00,15204,-5752,-5236,-1566,-324,392,
228.00,255.00,271.00,15.00,-12.00,15436,-5692,-5336,-1207,-180,513,
228.00,252.00,257.00,15.00,-12.00,14092,-5652,-6392,-1442,-928,816,1
234.00,259.00,281.00,15.00,-13.00,15692,-6464,-2400,-532,332,1164,
241.00,265.00,290.00,14.00,-13.00,15944,-5780,-2280,-540,-43,-186,
230.00,263.00,257.00,14.00,-14.00,15300,-5728,-3444,-1666,-2004,-624,
235.00,259.00,271.00,13.00,-14.00,16168,-5816,-4464,-1309,180,532,
237.00,259.00,274.00,11.00,-15.00,15028,-6140,-4296,-186,-140,336,
239.00,261.00,227.00,13.00,-15.00,15208,-5872,-4740,-1636,-283,1340,
234.00,261.00,281.00,12.00,-14.00,14648,-6096,-6112,-379,-468,-49,
237.00,263.00,276.00,12.00,-14.00,15084,-7088,-5640,-554,1342,1224,
234.00,261.00,283.00,12.00,-14.00,14456,-6504,-6188,-608,-300,408,
237.00,265.00,283.00,12.00,-14.00,9124,-8412,-14572,-757,-1972,5962,1
241.00,265.00,293.00,14.00,-13.00,14844,-5968,-4316,14844,-5968,-4316,
245.00,259.00,283.00,13.00,-13.00,15660,-6024,-3988,-675,231,153,
245.00,267.00,293.00,14.00,-13.00,14504,-5512,-5412,-2380,-2348,-757,
235.00,271.00,371.00,14.00,-13.00,14960,-5776,-6100,-2120,-1317,-214,
245.00,271.00,290.00,14.00,-13.00,13680,-5768,-8372,-1041,-252,331,
241.00,269.00,293.00,14.00,-13.00,13960,-5780,-7824,-1037,-43,450,
237.00,269.00,285.00,14.00,-13.00,12788,-6412,-8660,-234,-473,2608,
249.00,276.00,295.00,13.00,-13.00,12296,-6320,-9164,10,-169,1176,
241.00,269.00,285.00,13.00,-14.00,10712,-7396,-10872,20,923,395,
241.00,263.00,283.00,14.00,-14.00,11012,-6508,-10604,-129,1144,758,1
225.00,251.00,274.00,11.00,-15.00,15748,-6056,-2524,-2024,1059,-39,
228.00,255.00,271.00,10.00,-15.00,16120,-4564,-4108,-1326,-1763,-585,
225.00,252.00,274.00,11.00,-15.00,15696,-5524,-3480,-591,1117,82,
230.00,257.00,271.00,10.00,-15.00,15492,-5104,-2856,-238,1349,2234,
228.00,247.00,274.00,10.00,-15.00,15612,-6476,-2572,-844,-735,151,
228.00,252.00,274.00,10.00,-15.00,13464,-7288,-4220,677,-4814,1259,
232.00,252.00,269.00,9.00,-15.00,11904,-6536,-8512,-1642,-1979,1785,
232.00,243.00,278.00,9.00,-14.00,10716,-8512,-11628,-2657,-1407,4389,
241.00,255.00,317.00,10.00,-15.00,9960,-8220,-10864,386,895,1052,
230.00,257.00,281.00,10.00,-15.00,10312,-6264,-11404,-866,-362,-755,1
225.00,251.00,267.00,10.00,-16.00,16032,-5596,-2352,-1089,2089,972,
227.00,252.00,267.00,10.00,-16.00,15692,-5032,-3572,-755,-90,120,
227.00,251.00,269.00,10.00,-16.00,15360,-4960,-3752,-158,735,-653,
227.00,249.00,267.00,10.00,-15.00,15580,-6348,-3612,-201,-1099,3322,
227.00,251.00,271.00,10.00,-15.00,14420,-7476,-5004,-1605,-1430,19,
228.00,255.00,285.00,9.00,-15.00,12752,-6784,-7720,-479,-785,821,
227.00,249.00,269.00,10.00,-15.00,13080,-6224,-7668,-1310,-687,1398,
220.00,251.00,276.00,9.00,-15.00,11792,-6792,-9996,-2558,-782,-34,
218.00,247.00,261.00,10.00,-16.00,-2558,-782,-34,-3927,-1554,1666,
220.00,245.00,265.00,11.00,-15.00,10228,-6712,-11356,-102,660,641,1
217.00,243.00,271.00,13.00,-14.00,14588,-7140,-5692,-1616,39,39,
225.00,255.00,283.00,14.00,-13.00,15084,-6500,-4660,-1158,-156,380,
223.00,255.00,271.00,14.00,-13.00,15132,-6256,-5188,-371,51,-302,
227.00,252.00,265.00,14.00,-13.00,14980,-6544,-4908,-1395,-34,1203,
230.00,259.00,288.00,15.00,-13.00,14672,-6248,-4820,-2088,-2380,752,
225.00,267.00,261.00,14.00,-12.00,14136,-7008,-5732,-191,782,607,
207.00,251.00,269.00,14.00,-13.00,-191,782,607,-1771,1712,528,
227.00,252.00,278.00,14.00,-13.00,11280,-7848,-8428,-1917,-1381,2887,
243.00,257.00,241.00,12.00,-13.00,9988,-7776,-10172,-889,-886,1343,
239.00,267.00,241.00,13.00,-13.00,9880,-7484,-11896,1272,1085,3453,1
217.00,243.00,257.00,10.00,-15.00,14864,-6960,-4272,-1337,-288,142,
215.00,239.00,257.00,10.00,-15.00,15808,-6080,-4168,-1260,852,274,
217.00,237.00,252.00,10.00,-15.00,14608,-6012,-5640,-325,1548,378,
217.00,241.00,255.00,10.00,-15.00,15136,-6480,-4728,-936,579,395,
207.00,225.00,295.00,10.00,-15.00,13496,-8248,-5532,-1032,-136,1355,
211.00,232.00,241.00,11.00,-15.00,13032,-7864,-7400,-276,384,1310,
206.00,234.00,257.00,10.00,-15.00,13076,-8608,-7088,-1230,-211,151,
215.00,237.00,257.00,10.00,-16.00,11852,-8194,-258,-499,-1430,1583,
218.00,235.00,255.00,9.00,-16.00,8200,-8944,-14012,-193,-807,3612,
225.00,232.00,263.00,9.00,-16.00,9248,-7916,-12104,489,195,1127,1
235.00,234.00,281.00,8.00,-17.00,16120,-5304,-2476,-665,-167,328,
223.00,243.00,271.00,10.00,-16.00,15868,-5620,-3228,-722,267,191,
223.00,255.00,278.00,9.00,-16.00,15684,-5164,-3380,-373,516,360,
227.00,251.00,271.00,10.00,-16.00,14996,-6796,-4016,-1983,-1970,464,
232.00,252.00,223.00,11.00,-16.00,16184,-6612,-3512,-1934,-740,2729,
227.00,252.00,274.00,11.00,-15.00,14052,-7684,-5112,-1131,-297,1209,
228.00,252.00,271.00,9.00,-16.00,12776,-9488,-6216,261,224,1887,
227.00,247.00,274.00,11.00,-14.00,10648,-8032,-9940,-4024,-1119,884,
218.00,261.00,269.00,12.00,-16.00,10156,-8388,-10388,-1395,-205,-737,
234.00,257.00,271.00,9.00,-16.00,10624,-9852,-9476,-364,140,-637,1
214.00,237.00,255.00,12.00,-14.00,15236,-4036,-4044,-973,-436,1123,
214.00,239.00,255.00,12.00,-14.00,15548,-4204,-3772,-1024,893,435,
214.00,241.00,257.00,12.00,-14.00,15252,-6868,-4180,-462,776,382,
220.00,245.00,251.00,12.00,-13.00,15408,-5084,-4208,144,470,722,
215.00,239.00,255.00,12.00,-14.00,14532,-6292,-5796,-350,-98,103,
218.00,239.00,255.00,12.00,-14.00,12760,-7200,-7556,-970,-1053,1579,
217.00,241.00,255.00,12.00,-14.00,12684,-7696,-8208,-1123,-718,1071,
217.00,245.00,252.00,11.00,-14.00,12292,-7568,-9104,-1948,-799,-254,
259.00,263.00,232.00,12.00,-13.00,10636,-7568,-11424,-913,142,2631,
218.00,241.00,257.00,12.00,-14.00,11380,-6832,-11248,-1825,-6,-690,1
218.00,241.00,257.00,10.00,-14.00,15732,-7064,-2492,-466,609,2332,
217.00,239.00,251.00,10.00,-14.00,15328,-6588,-2164,-697,-746,-48,
215.00,239.00,257.00,10.00,-14.00,14708,-6880,-3824,-419,-961,-550,
222.00,255.00,249.00,10.00,-14.00,15056,-7124,-5728,-830,-121,528,
215.00,243.00,249.00,9.00,-14.00,14636,-5904,-5204,-833,-1316,166,
223.00,230.00,247.00,11.00,-14.00,13896,-6976,-6344,-1430,-1952,1000,
218.00,241.00,255.00,10.00,-14.00,13580,-6788,-7556,-910,-422,337,
225.00,230.00,251.00,10.00,-14.00,12528,-7296,-8768,-1975,-617,985,
222.00,222.00,252.00,9.00,-15.00,11772,-6688,-10116,-1117,-384,551,
206.00,228.00,281.00,11.00,-14.00,10052,-5920,-12172,-2207,-315,1611,1
218.00,234.00,252.00,10.00,-15.00,15528,-7116,-2888,-304,699,720,
218.00,239.00,259.00,10.00,-15.00,14956,-7116,-2864,-1444,-2096,-113,
218.00,239.00,252.00,10.00,-15.00,13892,-7148,-4852,-38,-1156,1334,
215.00,237.00,257.00,9.00,-15.00,13828,-6720,-5616,-907,-778,813,
223.00,247.00,263.00,11.00,-14.00,13328,-7776,-6328,-1775,-3644,-553,
223.00,245.00,257.00,10.00,-15.00,12716,-8520,-7320,-1448,-903,1719,
223.00,249.00,257.00,10.00,-14.00,10500,-8680,-9268,-469,-786,1290,
222.00,257.00,259.00,10.00,-14.00,10080,-7032,-11764,-2260,497,2160,
223.00,245.00,259.00,10.00,-15.00,9776,-7120,-11544,-771,669,757,
220.00,245.00,257.00,10.00,-15.00,9088,-6896,-10472,656,902,344,1
234.00,259.00,269.00,9.00,-14.00,15308,-6532,-1912,-374,1019,506,
227.00,241.00,265.00,11.00,-14.00,15296,-6424,-1220,-751,-1416,-260,
234.00,257.00,271.00,11.00,-14.00,15300,-6336,-1616,-139,-956,534,
230.00,257.00,274.00,12.00,-14.00,14540,-7280,-4000,-367,-34,144,
232.00,257.00,271.00,12.00,-14.00,14204,-7744,-5152,-2785,-2468,930,
230.00,255.00,274.00,12.00,-14.00,13724,-7464,-7180,-1417,-983,964,
230.00,261.00,259.00,12.00,-13.00,12200,-7804,-9080,-1893,-2547,1352,
209.00,249.00,293.00,11.00,-14.00,11096,-7496,-10732,-1202,-717,-38,
228.00,255.00,278.00,12.00,-14.00,9768,-7088,-11684,-935,-574,1636,
232.00,255.00,274.00,11.00,-14.00,8944,-5468,-13668,-2185,-246,-41,1
234.00,263.00,234.00,10.00,-15.00,16484,-6204,-2288,-1089,268,-741,
234.00,249.00,281.00,11.00,-15.00,16092,-4584,-2044,-872,21,-20,
230.00,274.00,288.00,10.00,-15.00,15812,-5080,-2624,-27,-173,616,
245.00,245.00,265.00,11.00,-15.00,16084,-5072,-3564,-923,419,-61,
245.00,255.00,274.00,12.00,-15.00,15500,-5540,-4216,-1428,23,700,
228.00,261.00,288.00,12.00,-15.00,14932,-5988,-4892,-166,-713,996,
232.00,259.00,276.00,11.00,-15.00,14164,-6820,-7468,-1298,-1226,222,
230.00,269.00,271.00,10.00,-15.00,12932,-7552,-8292,-1894,-1035,1206,
230.00,259.00,276.00,11.00,-15.00,10440,-8668,-12332,-1890,-1191,-849,
220.00,251.00,271.00,10.00,-15.00,12296,-6616,-10388,-2611,-444,-2339,1