"Dedo1","Dedo2","Dedo3","Dedo4","Dedo5","Target",""
"317","357","295","14","-12","1",""
"290","344","276","13","-12","1",""
"300","357","281","13","-12","1",""
"303","364","281","13","-12","1",""
"308","357","290","13","-12","1",""
"298","357","276","13","-12","1",""
"298","350","255","11","-12","1",""
"293","386","285","12","-12","1",""
"295","398","283","13","-12","1",""
"303","447","337","14","-12","1",""
"319","406","322","14","-12","1",""
"317","406","319","14","-12","1",""
"322","394","325","14","-12","1",""
"311","406","360","12","-12","1",""
"311","433","303","13","-12","1",""
"298","406","308","13","-12","1",""
"303","410","295","13","-12","1",""
"295","415","290","13","-12","1",""
"300","398","288","13","-12","1",""
"325","402","269","13","-12","1",""
"303","398","283","13","-12","1",""
"295","390","311","16","-13","1",""
"306","347","288","14","-13","1",""
"314","390","298","13","-12","1",""
"331","394","269","12","-12","1",""
"308","406","300","14","-12","1",""
"298","415","274","13","-13","1",""
"298","367","295","14","-12","1",""
"281","357","303","14","-12","1",""
"293","386","285","13","-12","1",""
"288","386","281","13","-12","1",""
"375","447","271","13","-12","1",""
"293","390","274","13","-12","1",""
"276","447","251","12","-12","1",""
"298","428","278","12","-12","1",""
"311","419","290","12","-13","1",""
"290","457","285","13","-12","1",""
"293","496","319","14","-12","1",""
"293","502","334","14","-12","1",""
"290","473","319","14","-13","1",""
"293","357","288","11","-14","1",""
"281","350","274","12","-14","1",""
"274","334","269","12","-14","1",""
"288","344","267","10","-15","1",""
"295","344","269","12","-14","1",""
"306","390","322","13","-13","1",""
"322","378","314","13","-14","1",""
"331","382","325","13","-14","1",""
"303","378","334","12","-14","1",""
"293","394","314","12","-14","1",""
"331","390","300","12","-14","1",""
"334","375","300","10","-14","1",""
"311","402","300","11","-14","1",""
"300","386","303","11","-14","1",""
"314","390","314","11","-14","1",""
"325","386","319","11","-14","1",""
"311","334","293","12","-14","1",""
"360","375","298","12","-14","1",""
"303","410","314","13","-14","1",""
"314","402","303","11","-15","1",""
"303","386","290","11","-14","1",""
"298","357","283","11","-15","1",""
"293","402","295","12","-14","1",""
"295","398","295","12","-14","1",""
"269","328","281","11","-14","1",""
"306","322","274","11","-14","1",""
"300","322","278","11","-14","1",""
"314","331","274","11","-14","1",""
"306","322","271","11","-14","1",""
"306","311","269","11","-14","1",""
"308","317","271","10","-14","1",""
"306","406","314","12","-14","1",""
"303","406","311","12","-14","1",""
"314","394","319","12","-14","1",""
"322","424","328","11","-14","1",""
"311","406","337","12","-14","1",""
"331","419","325","12","-14","1",""
"311","394","306","11","-14","1",""
"319","424","308","12","-14","1",""
"267","371","311","14","-14","1",""
"314","406","300","12","-14","1",""
"306","386","306","12","-14","1",""
"308","386","300","12","-14","1",""
"308","394","300","12","-14","1",""
"317","402","306","11","-14","1",""
"303","390","298","11","-15","1",""
"306","390","303","11","-15","1",""
"314","398","300","12","-14","1",""
"354","402","295","11","-15","1",""
"303","390","303","11","-15","1",""
"281","394","308","12","-15","1",""
"295","382","317","11","-15","1",""
"303","390","298","12","-14","1",""
"290","386","300","12","-14","1",""
"283","386","293","13","-15","1",""
"271","378","303","13","-14","1",""
"295","390","285","12","-14","1",""
"317","406","293","11","-15","1",""
"293","390","293","12","-14","1",""
"290","378","285","12","-15","1",""
"267","386","290","12","-15","1",""
"290","378","281","12","-15","1",""
"303","367","283","12","-15","1",""
"311","364","278","12","-15","1",""
"314","378","288","10","-15","1",""
"281","375","285","11","-15","1",""
"283","390","288","10","-15","1",""
"283","428","293","10","-15","1",""
"303","473","298","11","-15","1",""
"295","479","319","11","-15","1",""
"347","502","350","11","-15","1",""
"283","473","325","11","-15","1",""
"285","479","360","14","-15","1",""
"303","438","334","12","-15","1",""
"295","442","328","12","-15","1",""
"308","415","337","11","-14","1",""
"295","442","322","11","-15","1",""
"303","452","328","11","-14","1",""
"300","433","331","12","-14","1",""
"295","415","337","11","-15","1",""
"306","406","340","10","-15","1",""
"306","447","354","11","-15","1",""
"300","452","340","9","-15","1",""
"300","447","337","11","-15","1",""
"306","433","354","11","-15","1",""
"311","433","350","11","-15","1",""
"298","442","334","11","-15","1",""
"295","402","314","11","-15","1",""
"306","442","322","10","-15","1",""
"308","463","328","10","-15","1",""
"288","447","331","10","-15","1",""
"298","502","344","10","-16","1",""
"295","473","344","11","-15","1",""
"303","473","337","11","-15","1",""
"319","479","357","11","-15","1",""
"319","433","375","11","-15","1",""
"285","452","367","11","-15","1",""
"290","463","367","10","-15","1",""
"288","473","367","11","-15","1",""
"295","479","378","11","-15","1",""
"293","347","285","11","-14","1",""
"295","344","283","12","-14","1",""
"300","371","298","14","-14","1",""
"340","360","311","13","-14","1",""
"328","357","328","13","-14","1",""
"438","360","308","12","-14","1",""
"344","360","322","13","-14","1",""
"325","347","322","13","-14","1",""
"319","331","308","13","-14","1",""
"281","350","308","10","-13","1",""
"331","350","308","11","-16","1",""
"334","360","319","11","-16","1",""
"317","344","308","12","-14","1",""
"328","347","311","13","-13","1",""
"306","331","308","13","-15","1",""
"295","322","290","12","-14","1",""
"322","340","325","14","-14","1",""
"311","340","300","15","-13","1",""
"285","347","295","13","-15","1",""
"285","344","290","13","-14","1",""
"269","340","285","13","-14","1",""
"293","357","290","13","-15","1",""
"251","340","314","13","-14","1",""
"325","347","311","9","-17","1",""
"314","344","306","13","-13","1",""
"319","337","314","14","-13","1",""
"290","344","311","13","-14","1",""
"308","350","328","12","-13","1",""
"319","406","288","10","-15","1",""
"306","364","290","13","-13","1",""
"306","402","314","10","-13","1",""
"269","406","375","15","-13","1",""
"311","394","350","14","-13","1",""
"306","390","337","14","-13","1",""
"300","375","334","15","-13","1",""
"308","398","354","14","-13","1",""
"311","382","340","14","-13","1",""
"306","394","331","14","-13","1",""
"303","371","334","15","-12","1",""
"319","382","337","14","-12","1",""
"311","382","337","10","-15","1",""
"319","394","357","11","-15","1",""
"308","386","347","12","-14","1",""
"386","390","360","11","-15","1",""
"319","406","357","12","-14","1",""
"322","410","354","12","-14","1",""
"308","415","354","12","-15","1",""
"322","402","357","14","-14","1",""
"364","415","360","13","-14","1",""
"319","424","364","12","-14","1",""
"314","410","328","11","-14","1",""
"347","433","360","12","-13","1",""
"337","442","303","12","-14","1",""
"317","433","319","12","-14","1",""
"325","410","308","12","-14","1",""
"319","433","319","12","-14","1",""
"290","438","308","13","-14","1",""
"317","410","322","14","-13","1",""
"322","410","328","13","-14","1",""
"308","419","325","13","-14","1",""
"317","406","322","11","-15","1",""
"285","360","274","12","-14","1",""
"319","390","303","11","-14","1",""
"319","406","337","12","-14","1",""
"314","468","394","12","-14","1",""
"306","479","390","12","-14","1",""
"314","484","394","12","-14","1",""
"334","452","371","12","-14","1",""
"261","419","350","15","-14","1",""
"290","447","360","12","-14","1",""
"288","438","354","11","-14","1",""
"263","410","354","11","-14","1",""
"311","438","344","11","-15","1",""
"298","452","367","12","-14","1",""
"283","433","350","11","-14","1",""
"276","428","357","14","-15","1",""
"278","433","357","11","-14","1",""
"290","457","350","10","-14","1",""
"308","442","360","11","-14","1",""
"300","415","347","12","-14","1",""
"328","428","337","11","-14","1",""
"317","433","334","12","-14","1",""
"308","447","347","12","-14","1",""
"317","433","337","12","-14","1",""
"314","484","334","11","-14","1",""
"340","428","344","11","-14","1",""
"314","433","340","12","-14","1",""
"314","438","340","11","-14","1",""
"308","438","357","15","-13","1",""
"314","428","328","12","-14","1",""
"308","410","314","11","-14","1",""
"306","410","331","12","-14","1",""
"311","406","334","11","-14","1",""
"317","415","340","11","-15","1",""
"288","419","378","11","-14","1",""
"319","468","354","12","-14","1",""
"325","473","386","11","-15","1",""
"308","479","382","12","-14","1",""
"314","457","378","11","-14","1",""
"319","463","375","11","-14","1",""
"303","322","278","12","-15","1",""
"350","331","293","11","-14","1",""
"311","308","281","12","-14","1",""
"314","317","288","12","-14","1",""
"314","311","288","12","-14","1",""
"319","319","288","12","-14","1",""
"311","314","267","11","-14","1",""
"295","308","251","11","-15","1",""
"314","308","281","12","-14","1",""
"311","298","285","12","-15","1",""
"319","303","306","12","-14","1",""
"317","303","293","12","-14","1",""
"303","308","283","12","-15","1",""
"308","344","271","13","-14","1",""
"295","428","288","12","-14","1",""
"306","554","325","14","-14","1",""
"308","479","375","14","-14","1",""
"325","508","402","13","-13","1",""
"331","438","360","14","-13","1",""
"317","479","364","13","-12","1",""
"317","447","375","13","-13","1",""
"337","468","375","14","-13","1",""
"347","452","375","11","-14","1",""
"314","447","364","13","-14","1",""
"303","433","357","14","-13","1",""
"319","442","354","14","-13","1",""
"319","442","350","15","-13","1",""
"311","433","344","15","-13","1",""
"278","442","337","12","-13","1",""
"340","447","350","14","-13","1",""
"311","428","334","15","-12","1",""
"303","419","331","15","-12","1",""
"300","428","371","15","-12","1",""
"306","419","331","15","-12","1",""
"328","415","340","15","-12","1",""
"300","415","331","15","-12","1",""
"314","428","331","12","-14","1",""
"306","424","325","13","-14","1",""
"303","424","322","13","-14","1",""
"303","428","331","7","-17","1",""
"283","419","314","9","-15","1",""
"306","419","322","11","-15","1",""
"269","398","311","12","-14","1",""
"306","424","314","9","-16","1",""
"303","406","314","13","-13","1",""
"303","419","314","12","-14","1",""
"298","428","317","10","-16","1",""
"295","419","311","11","-15","1",""
"308","433","308","11","-15","1",""
"295","406","311","10","-15","1",""
"295","438","328","11","-15","1",""
"303","428","317","11","-15","1",""
"300","428","331","12","-14","1",""
"303","410","331","12","-14","1",""
"325","428","334","11","-15","1",""
"317","424","325","11","-15","1",""
"314","419","314","11","-15","1",""
"319","415","331","11","-14","1",""
"311","419","306","11","-15","1",""
"317","394","308","11","-15","1",""
"298","402","319","11","-15","1",""
"303","398","322","11","-15","1",""
"311","398","319","11","-15","1",""
"293","394","314","12","-15","1",""
"295","386","322","11","-15","1",""
"300","394","317","11","-15","1",""
"300","394","328","11","-15","1",""
"300","398","322","11","-15","1",""
"298","375","303","11","-15","1",""
"298","402","314","11","-15","1",""
"317","398","319","10","-14","1",""
"269","402","314","10","-15","1",""
"298","386","314","11","-15","1",""
"300","378","317","11","-15","1",""
"300","390","311","11","-15","1",""
"303","367","337","10","-15","1",""
"303","398","308","11","-15","1",""
"298","457","328","11","-15","1",""
"298","463","452","11","-15","1",""
"300","442","360","11","-15","1",""
"306","447","308","12","-15","1",""
"306","447","364","11","-15","1",""
"319","447","357","12","-14","1",""
"314","447","360","12","-14","1",""
"306","442","364","12","-14","1",""
"306","463","364","12","-15","1",""
"306","438","350","12","-15","1",""
"295","428","364","11","-14","1",""
"303","433","350","12","-14","1",""
"311","447","378","12","-15","1",""
"311","447","364","12","-15","1",""
"303","424","337","11","-14","1",""
"306","433","354","13","-14","1",""
"317","447","360","12","-14","1",""
"295","415","340","12","-14","1",""
"306","424","344","12","-14","1",""
"306","415","331","11","-14","1",""
"300","415","337","12","-14","1",""
"311","415","360","11","-14","1",""
"295","447","357","14","-13","1",""
"337","364","308","13","-14","1",""
"325","331","306","13","-14","1",""
"317","314","314","11","-14","1",""
"328","357","340","12","-14","1",""
"322","433","354","12","-14","1",""
"303","406","334","13","-14","1",""
"337","406","390","12","-14","1",""
"322","419","344","12","-14","1",""
"314","415","347","13","-14","1",""
"317","402","331","13","-13","1",""
"314","406","344","13","-13","1",""
"317","410","331","12","-13","1",""
"314","406","334","12","-14","1",""
"347","406","334","12","-14","1",""
"306","398","331","12","-14","1",""
"306","386","314","12","-14","1",""
"314","398","303","12","-14","1",""
"293","303","263","12","-13","1",""
"295","298","271","12","-13","1",""
"293","311","247","12","-13","1",""
"295","300","267","12","-13","1",""
"288","293","265","13","-13","1",""
"298","334","278","13","-13","1",""
"314","314","293","13","-13","1",""
"334","314","300","13","-13","1",""
"325","354","337","13","-13","1",""
"433","319","306","13","-12","1",""
"319","337","293","14","-13","1",""
"337","317","308","12","-13","1",""
"322","317","293","12","-14","1",""
"322","314","267","10","-16","1",""
"328","317","298","12","-15","1",""
"325","314","303","7","-18","1",""
"328","314","298","9","-16","1",""
"328","317","306","12","-14","1",""
"317","317","298","10","-15","1",""
"303","468","325","12","-14","1",""
"331","463","328","12","-14","1",""
"314","463","331","11","-15","1",""
"295","438","354","12","-13","1",""
"308","438","322","14","-12","1",""
"308","438","328","15","-18","1",""
"317","428","325","11","-15","1",""
"314","438","325","11","-15","1",""
"295","433","314","13","-12","1",""
"303","410","319","13","-13","1",""
"314","428","340","12","-12","1",""
"317","419","328","13","-12","1",""
"311","419","334","13","-12","1",""
"322","433","331","13","-12","1",""
"322","438","347","13","-12","1",""
"322","424","317","13","-12","1",""
"322","428","331","13","-12","1",""
"308","424","334","13","-13","1",""
"314","433","344","12","-12","1",""
"337","433","337","14","-13","1",""
"319","428","331","14","-12","1",""
"317","433","317","13","-12","1",""
"303","406","331","14","-12","1",""
"303","402","303","13","-12","1",""
"308","303","306","14","-12","2",""
"317","293","300","14","-12","2",""
"354","278","311","13","-12","2",""
"311","276","283","14","-12","2",""
"317","278","281","13","-12","2",""
"298","263","278","13","-12","2",""
"303","269","278","13","-12","2",""
"317","265","293","13","-12","2",""
"303","281","271","16","-12","2",""
"303","267","298","13","-12","2",""
"295","285","288","13","-12","2",""
"306","267","290","14","-12","2",""
"300","274","293","13","-12","2",""
"337","281","283","13","-13","2",""
"325","283","311","14","-12","2",""
"308","278","317","13","-13","2",""
"303","278","311","14","-12","2",""
"300","274","308","14","-12","2",""
"306","274","311","14","-12","2",""
"295","261","295","14","-12","2",""
"283","263","293","13","-12","2",""
"293","261","290","14","-12","2",""
"281","265","298","14","-12","2",""
"285","263","293","14","-12","2",""
"293","267","295","13","-12","2",""
"288","261","293","14","-12","2",""
"283","269","295","13","-12","2",""
"340","274","276","13","-13","2",""
"306","288","308","12","-12","2",""
"295","265","288","11","-12","2",""
"293","267","285","11","-12","2",""
"293","267","295","13","-12","2",""
"308","271","290","12","-12","2",""
"295","278","261","13","-12","2",""
"295","261","300","13","-13","2",""
"285","267","298","14","-12","2",""
"303","276","298","13","-12","2",""
"308","278","306","13","-12","2",""
"298","274","295","13","-12","2",""
"288","265","283","13","-12","2",""
"300","281","300","13","-12","2",""
"288","276","295","13","-13","2",""
"281","269","293","14","-13","2",""
"290","283","300","13","-12","2",""
"308","293","293","13","-13","2",""
"293","267","278","13","-12","2",""
"290","267","290","13","-12","2",""
"285","274","285","13","-12","2",""
"274","249","288","13","-12","2",""
"276","261","328","13","-13","2",""
"300","263","350","9","-15","2",""
"295","265","344","13","-12","2",""
"293","274","350","16","-12","2",""
"306","269","360","13","-13","2",""
"293","269","334","13","-13","2",""
"303","265","340","14","-13","2",""
"281","257","306","13","-12","2",""
"288","259","288","13","-12","2",""
"322","247","308","13","-12","2",""
"295","267","314","14","-12","2",""
"293","265","314","14","-12","2",""
"298","265","295","13","-12","2",""
"306","263","314","14","-12","2",""
"308","271","314","14","-12","2",""
"375","281","319","12","-12","2",""
"283","257","311","16","-12","2",""
"285","259","306","13","-12","2",""
"300","269","322","13","-12","2",""
"285","276","375","14","-12","2",""
"283","271","325","13","-12","2",""
"283","269","325","13","-12","2",""
"293","257","319","13","-12","2",""
"285","259","303","14","-12","2",""
"290","265","295","14","-12","2",""
"298","263","295","13","-12","2",""
"290","265","290","14","-12","2",""
"269","265","300","14","-12","2",""
"293","261","288","14","-12","2",""
"265","288","308","13","-13","2",""
"295","263","278","14","-12","2",""
"298","265","283","14","-12","2",""
"283","259","322","14","-12","2",""
"285","261","278","14","-12","2",""
"293","265","274","13","-12","2",""
"283","269","278","14","-12","2",""
"290","265","278","13","-12","2",""
"295","303","257","14","-12","2",""
"290","267","281","13","-12","2",""
"278","278","269","13","-13","2",""
"288","285","267","12","-13","2",""
"288","278","271","13","-13","2",""
"308","274","267","11","-15","2",""
"298","263","263","13","-13","2",""
"290","263","271","14","-12","2",""
"295","257","274","13","-12","2",""
"303","257","269","13","-13","2",""
"290","261","274","13","-13","2",""
"303","265","288","13","-13","2",""
"290","259","271","13","-12","2",""
"303","281","300","14","-12","2",""
"295","261","274","15","-12","2",""
"278","265","267","13","-12","2",""
"276","265","269","13","-12","2",""
"293","271","276","13","-12","2",""
"283","271","274","13","-12","2",""
"285","267","278","13","-12","2",""
"290","259","276","13","-12","2",""
"278","263","269","13","-12","2",""
"281","271","274","13","-12","2",""
"274","267","251","13","-13","2",""
"285","263","261","13","-12","2",""
"267","283","261","12","-12","2",""
"257","265","257","13","-12","2",""
"288","261","274","13","-12","2",""
"274","255","265","13","-13","2",""
"288","269","278","13","-12","2",""
"281","271","274","13","-12","2",""
"285","267","267","13","-12","2",""
"283","269","269","13","-12","2",""
"274","263","283","14","-13","2",""
"278","263","271","13","-12","2",""
"274","249","252","12","-12","2",""
"281","267","285","13","-12","2",""
"274","269","288","14","-12","2",""
"281","267","300","13","-12","2",""
"274","267","322","13","-12","2",""
"288","267","360","13","-12","2",""
"283","317","378","13","-12","2",""
"285","276","410","13","-12","2",""
"259","265","274","14","-12","2",""
"281","259","306","13","-12","2",""
"281","269","298","13","-12","2",""
"281","293","295","13","-12","2",""
"290","281","295","14","-12","2",""
"285","283","357","13","-12","2",""
"288","278","288","13","-12","2",""
"278","267","293","14","-12","2",""
"283","267","285","13","-12","2",""
"285","269","300","14","-12","2",""
"285","269","293","13","-12","2",""
"276","271","290","13","-12","2",""
"274","271","281","13","-12","2",""
"285","298","288","13","-12","2",""
"293","331","298","13","-12","2",""
"288","308","303","13","-12","2",""
"290","295","314","14","-12","2",""
"283","298","314","13","-12","2",""
"288","298","322","13","-12","2",""
"293","281","337","13","-12","2",""
"317","278","319","13","-12","2",""
"290","278","319","13","-12","2",""
"290","276","319","14","-12","2",""
"295","274","319","13","-12","2",""
"295","308","331","15","-12","2",""
"288","269","317","12","-12","2",""
"288","265","308","13","-12","2",""
"288","269","319","13","-12","2",""
"311","269","317","14","-12","2",""
"290","267","303","13","-12","2",""
"306","269","311","13","-12","2",""
"308","278","317","13","-12","2",""
"285","267","314","14","-12","2",""
"295","271","311","13","-12","2",""
"293","267","306","13","-12","2",""
"293","271","308","13","-12","2",""
"298","271","308","13","-12","2",""
"285","271","306","13","-12","2",""
"283","267","306","13","-12","2",""
"298","274","300","13","-12","2",""
"295","274","300","13","-12","2",""
"281","271","300","13","-12","2",""
"276","269","265","13","-12","2",""
"281","274","271","13","-12","2",""
"293","271","278","11","-12","2",""
"269","269","267","14","-12","2",""
"300","259","285","12","-12","2",""
"295","265","288","13","-12","2",""
"293","265","293","13","-12","2",""
"293","271","303","13","-12","2",""
"298","261","298","13","-12","2",""
"298","257","290","13","-12","2",""
"295","265","288","13","-12","2",""
"290","261","295","13","-12","2",""
"290","259","283","14","-12","2",""
"285","265","285","13","-12","2",""
"311","276","298","12","-12","2",""
"288","263","278","13","-12","2",""
"288","267","295","13","-12","2",""
"288","263","283","12","-12","2",""
"276","257","276","13","-12","2",""
"276","271","288","12","-12","2",""
"276","252","298","13","-12","2",""
"276","265","281","12","-12","2",""
"283","274","281","13","-12","2",""
"271","265","278","13","-12","2",""
"285","263","276","13","-12","2",""
"288","265","283","13","-12","2",""
"278","263","278","13","-13","2",""
"337","278","308","13","-12","2",""
"303","259","278","13","-12","2",""
"303","257","265","13","-12","2",""
"283","269","235","13","-12","2",""
"281","269","293","13","-12","2",""
"293","274","276","13","-12","2",""
"288","269","274","13","-12","2",""
"293","269","278","13","-12","2",""
"288","274","267","13","-12","2",""
"300","267","274","13","-12","2",""
"303","269","276","13","-12","2",""
"290","263","269","13","-12","2",""
"298","265","274","13","-12","2",""
"288","263","267","13","-12","2",""
"285","265","274","13","-12","2",""
"290","263","285","13","-12","2",""
"271","261","293","12","-12","2",""
"303","259","269","14","-12","2",""
"278","255","288","13","-12","2",""
"283","269","295","13","-12","2",""
"293","267","319","13","-12","2",""
"288","271","364","13","-12","2",""
"293","278","367","13","-12","2",""
"283","274","371","13","-12","2",""
"311","265","354","13","-13","2",""
"303","247","331","13","-12","2",""
"278","278","357","14","-12","2",""
"293","265","350","13","-12","2",""
"293","265","367","13","-12","2",""
"303","267","354","12","-12","2",""
"283","259","344","13","-12","2",""
"288","267","360","13","-12","2",""
"283","263","354","13","-12","2",""
"269","257","354","14","-12","2",""
"283","261","360","13","-12","2",""
"290","263","350","13","-12","2",""
"285","263","334","13","-12","2",""
"283","261","322","13","-12","2",""
"288","267","314","13","-12","2",""
"274","257","300","13","-12","2",""
"285","267","314","12","-12","2",""
"283","263","306","13","-12","2",""
"288","265","303","13","-12","2",""
"278","263","298","13","-12","2",""
"283","261","300","13","-12","2",""
"285","259","306","13","-12","2",""
"290","261","319","13","-12","2",""
"290","263","319","13","-12","2",""
"276","255","308","13","-13","2",""
"290","263","311","13","-12","2",""
"290","263","298","13","-12","2",""
"276","247","261","13","-12","2",""
"290","267","295","13","-12","2",""
"288","259","298","13","-12","2",""
"290","263","306","13","-12","2",""
"278","271","308","12","-12","2",""
"281","263","303","13","-12","2",""
"283","263","311","13","-12","2",""
"300","259","317","12","-12","2",""
"285","259","311","12","-12","2",""
"285","259","317","13","-12","2",""
"288","257","298","12","-12","2",""
"288","263","314","12","-12","2",""
"290","263","303","12","-12","2",""
"293","265","303","12","-12","2",""
"298","263","314","13","-12","2",""
"371","251","308","13","-12","2",""
"281","263","360","13","-12","2",""
"285","261","371","13","-12","2",""
"290","265","364","13","-12","2",""
"293","263","344","13","-12","2",""
"285","265","350","13","-12","2",""
"298","263","347","13","-12","2",""
"276","278","340","14","-12","2",""
"288","274","350","13","-12","2",""
"281","263","347","13","-12","2",""
"274","261","325","12","-12","2",""
"285","271","357","13","-12","2",""
"276","265","328","13","-12","2",""
"283","263","331","13","-12","2",""
"278","269","325","13","-12","2",""
"278","261","317","13","-12","2",""
"281","261","311","13","-12","2",""
"281","267","308","13","-12","2",""
"285","267","314","13","-12","2",""
"281","265","317","13","-12","2",""
"283","269","317","13","-12","2",""
"271","263","300","13","-12","2",""
"283","265","311","13","-12","2",""
"269","300","298","12","-12","2",""
"283","267","298","13","-12","2",""
"278","263","298","13","-12","2",""
"290","263","298","13","-12","2",""
"263","306","285","13","-12","2",""
"285","263","298","13","-12","2",""
"276","263","303","13","-12","2",""
"276","261","298","13","-12","2",""
"281","263","298","13","-12","2",""
"344","255","295","13","-12","2",""
"278","261","295","13","-12","2",""
"283","263","295","13","-12","2",""
"293","261","293","13","-12","2",""
"271","259","293","13","-12","2",""
"278","269","274","13","-13","2",""
"290","283","295","13","-13","2",""
"303","278","295","13","-13","2",""
"285","285","293","13","-13","2",""
"295","269","306","13","-12","2",""
"295","276","306","13","-12","2",""
"288","274","306","13","-12","2",""
"283","274","293","13","-12","2",""
"295","261","283","13","-12","2",""
"295","269","288","13","-12","2",""
"290","269","288","13","-12","2",""
"288","281","285","13","-12","2",""
"298","269","293","13","-12","2",""
"303","271","298","13","-12","2",""
"298","265","300","12","-12","2",""
"303","263","288","14","-12","2",""
"300","274","290","13","-12","2",""
"298","271","293","13","-12","2",""
"293","269","290","13","-12","2",""
"303","271","288","13","-12","2",""
"295","276","300","13","-12","2",""
"285","267","306","13","-12","2",""
"285","265","337","13","-12","2",""
"285","265","360","14","-12","2",""
"274","261","337","13","-12","2",""
"285","265","344","13","-12","2",""
"283","265","344","13","-12","2",""
"285","263","344","13","-12","2",""
"298","274","317","13","-11","2",""
"311","274","337","13","-12","2",""
"290","261","344","13","-12","2",""
"278","271","378","13","-12","2",""
"285","263","340","14","-12","2",""
"281","257","322","13","-12","2",""
"283","263","337","13","-12","2",""
"293","293","322","13","-13","2",""
"295","269","319","13","-12","2",""
"295","269","325","13","-12","2",""
"293","269","314","13","-12","2",""
"328","249","303","13","-12","2",""
"288","271","317","13","-12","2",""
"290","271","325","13","-12","2",""
"290","274","317","13","-12","2",""
"303","271","308","13","-12","2",""
"293","274","322","13","-12","2",""
"293","274","325","13","-12","2",""
"293","271","325","13","-12","2",""
"295","276","325","13","-12","2",""
"303","267","293","13","-12","2",""
"303","269","317","13","-12","2",""
"285","269","319","13","-12","2",""
"281","267","325","13","-12","2",""
"283","267","319","13","-12","2",""
"283","274","314","13","-12","2",""
"278","269","331","13","-12","2",""
"283","274","322","13","-12","2",""
"288","271","317","13","-12","2",""
"293","259","328","13","-12","2",""
"295","251","319","15","-12","2",""
"300","267","319","13","-12","2",""
"283","263","317","13","-12","2",""
"285","271","317","13","-12","2",""
"283","271","317","14","-12","2",""
"271","261","322","14","-13","2",""
"290","276","331","14","-12","2",""
"283","274","317","13","-12","2",""
"288","269","317","13","-12","2",""
"293","267","314","15","-12","2",""
"300","281","319","13","-12","2",""
"283","257","314","13","-13","2",""
"293","267","311","14","-12","2",""
"293","265","314","13","-12","2",""
"303","267","322","13","-12","2",""
"306","271","317","13","-12","2",""
"290","263","322","13","-12","2",""
"303","265","314","13","-12","2",""
"290","265","308","13","-12","2",""
"293","265","319","13","-12","2",""
"276","269","308","13","-12","2",""
"295","271","311","13","-12","2",""
"290","263","308","13","-12","2",""
"293","263","306","13","-12","2",""
"293","265","311","13","-12","2",""
"295","265","308","13","-12","2",""
"293","263","308","13","-12","2",""
"290","267","308","13","-12","2",""
"293","271","306","13","-12","2",""
"285","271","308","13","-12","2",""
"290","265","314","13","-12","2",""
"298","263","278","13","-12","2",""
"290","265","308","13","-12","2",""
"290","267","306","13","-12","2",""
"295","263","308","13","-12","2",""
"311","281","317","13","-12","2",""
"278","263","311","13","-12","2",""
"285","267","295","13","-12","2",""
"267","255","306","13","-12","2",""
"311","269","306","13","-13","2",""
"290","271","303","13","-12","2",""
"364","269","249","12","-12","3",""
"354","265","252","13","-12","3",""
"371","267","237","11","-13","3",""
"319","267","243","12","-12","3",""
"354","265","249","12","-12","3",""
"347","265","247","12","-12","3",""
"354","263","249","12","-13","3",""
"347","271","247","12","-13","3",""
"344","251","247","12","-12","3",""
"382","265","251","12","-12","3",""
"354","261","249","12","-12","3",""
"364","267","249","12","-13","3",""
"344","271","252","12","-12","3",""
"350","269","249","10","-13","3",""
"350","269","251","12","-12","3",""
"367","267","251","12","-12","3",""
"357","283","261","11","-13","3",""
"347","269","255","12","-12","3",""
"364","271","255","12","-12","3",""
"364","271","255","12","-12","3",""
"367","276","259","12","-12","3",""
"364","267","251","12","-12","3",""
"371","274","252","12","-12","3",""
"419","269","252","12","-12","3",""
"415","265","249","12","-12","3",""
"438","261","249","12","-12","3",""
"424","237","225","12","-12","3",""
"410","259","241","12","-12","3",""
"433","265","247","12","-12","3",""
"428","261","245","12","-12","3",""
"569","257","247","14","-12","3",""
"415","267","247","12","-13","3",""
"424","265","247","12","-12","3",""
"410","255","249","12","-13","3",""
"410","263","247","12","-12","3",""
"438","271","251","12","-12","3",""
"433","276","234","11","-13","3",""
"415","265","249","12","-12","3",""
"386","259","237","12","-12","3",""
"390","269","249","12","-12","3",""
"419","263","247","12","-12","3",""
"406","261","245","12","-12","3",""
"398","265","247","12","-13","3",""
"367","263","249","11","-12","3",""
"415","265","245","12","-12","3",""
"386","259","247","12","-12","3",""
"394","259","245","12","-12","3",""
"390","259","251","12","-12","3",""
"394","259","245","12","-12","3",""
"419","265","283","12","-12","3",""
"402","267","249","13","-12","3",""
"394","265","251","12","-12","3",""
"394","259","249","12","-12","3",""
"386","267","241","11","-12","3",""
"415","252","252","12","-12","3",""
"378","255","245","11","-12","3",""
"402","257","252","11","-13","3",""
"410","263","245","12","-12","3",""
"398","261","241","12","-12","3",""
"394","252","249","12","-12","3",""
"350","265","228","12","-12","3",""
"490","267","251","12","-12","3",""
"600","267","241","11","-13","3",""
"438","259","247","12","-12","3",""
"424","259","245","12","-12","3",""
"457","261","245","11","-12","3",""
"438","257","243","12","-12","3",""
"433","261","245","11","-12","3",""
"424","259","243","12","-12","3",""
"442","261","243","12","-12","3",""
"473","261","245","11","-12","3",""
"433","267","255","12","-12","3",""
"682","249","237","12","-12","3",""
"452","245","249","12","-12","3",""
"484","263","251","10","-12","3",""
"447","259","243","11","-12","3",""
"442","261","245","12","-12","3",""
"442","259","245","12","-12","3",""
"442","261","243","11","-13","3",""
"457","257","245","12","-12","3",""
"428","265","241","12","-12","3",""
"463","261","243","12","-12","3",""
"442","261","243","12","-12","3",""
"442","263","243","12","-12","3",""
"428","259","245","11","-12","3",""
"479","261","241","11","-13","3",""
"442","263","251","11","-12","3",""
"457","269","245","12","-12","3",""
"438","247","230","11","-12","3",""
"398","263","247","12","-12","3",""
"468","257","249","10","-13","3",""
"479","243","252","12","-13","3",""
"447","263","241","11","-13","3",""
"419","265","243","11","-13","3",""
"438","265","247","11","-13","3",""
"447","265","243","11","-12","3",""
"424","263","243","11","-12","3",""
"419","263","249","11","-13","3",""
"479","283","249","11","-13","3",""
"428","269","245","11","-13","3",""
"386","267","245","11","-13","3",""
"378","263","252","12","-13","3",""
"447","285","245","11","-12","3",""
"394","267","243","11","-13","3",""
"378","261","241","12","-12","3",""
"402","263","251","12","-12","3",""
"378","263","245","12","-12","3",""
"402","274","276","11","-13","3",""
"398","269","261","12","-12","3",""
"415","281","259","12","-12","3",""
"424","274","261","12","-13","3",""
"390","263","247","12","-12","3",""
"394","265","249","12","-12","3",""
"410","265","239","12","-13","3",""
"419","263","249","10","-12","3",""
"433","247","239","11","-12","3",""
"402","263","257","12","-12","3",""
"382","271","235","11","-12","3",""
"390","261","247","12","-12","3",""
"390","263","245","12","-12","3",""
"390","263","245","12","-12","3",""
"386","271","245","11","-12","3",""
"394","267","245","12","-12","3",""
"382","255","249","12","-12","3",""
"390","265","247","12","-13","3",""
"386","263","245","12","-12","3",""
"398","263","247","12","-12","3",""
"398","263","247","11","-13","3",""
"402","263","247","12","-12","3",""
"415","269","249","12","-12","3",""
"406","271","239","12","-12","3",""
"386","265","243","12","-12","3",""
"419","267","245","12","-12","3",""
"433","259","245","12","-12","3",""
"428","261","245","12","-13","3",""
"402","263","247","12","-12","3",""
"540","259","228","11","-12","3",""
"402","267","247","12","-12","3",""
"406","261","245","12","-12","3",""
"402","263","243","11","-13","3",""
"410","265","251","12","-12","3",""
"424","263","249","12","-12","3",""
"419","263","245","12","-12","3",""
"402","300","243","12","-13","3",""
"490","245","243","12","-12","3",""
"473","259","245","12","-12","3",""
"398","265","252","12","-13","3",""
"514","269","267","12","-12","3",""
"442","261","237","12","-12","3",""
"479","255","241","12","-12","3",""
"463","261","245","12","-12","3",""
"452","265","249","12","-12","3",""
"473","263","243","12","-12","3",""
"457","259","245","12","-12","3",""
"442","265","247","12","-12","3",""
"479","290","252","12","-12","3",""
"447","267","252","12","-12","3",""
"452","247","255","11","-12","3",""
"468","267","251","12","-12","3",""
"463","267","255","12","-12","3",""
"452","267","251","12","-12","3",""
"410","255","241","11","-12","3",""
"442","263","247","12","-12","3",""
"452","274","257","12","-12","3",""
"447","265","247","12","-12","3",""
"433","267","247","12","-12","3",""
"428","265","245","12","-13","3",""
"419","265","243","12","-12","3",""
"428","263","247","12","-12","3",""
"424","261","245","12","-12","3",""
"428","263","245","12","-12","3",""
"447","261","241","12","-12","3",""
"428","261","247","12","-12","3",""
"428","263","247","12","-12","3",""
"424","261","247","12","-12","3",""
"442","261","247","14","-12","3",""
"410","265","239","12","-12","3",""
"424","265","245","12","-12","3",""
"424","263","243","12","-12","3",""
"415","263","245","12","-12","3",""
"424","259","247","12","-12","3",""
"424","249","249","12","-13","3",""
"419","276","257","12","-13","3",""
"402","265","251","12","-12","3",""
"375","261","245","11","-12","3",""
"438","267","249","14","-12","3",""
"371","265","245","12","-13","3",""
"402","263","245","12","-12","3",""
"415","265","245","12","-12","3",""
"419","265","234","11","-13","3",""
"402","265","241","12","-12","3",""
"398","267","247","12","-12","3",""
"390","265","245","12","-12","3",""
"378","269","247","12","-12","3",""
"357","263","241","12","-12","3",""
"350","261","230","11","-12","3",""
"386","263","251","12","-12","3",""
"364","265","245","12","-12","3",""
"364","265","300","12","-12","3",""
"371","265","243","12","-12","3",""
"364","300","249","12","-12","3",""
"390","281","249","12","-12","3",""
"410","269","249","12","-12","3",""
"394","271","243","12","-12","3",""
"390","271","255","12","-12","3",""
"394","271","245","11","-12","3",""
"386","263","245","12","-12","3",""
"410","267","245","12","-12","3",""
"468","265","237","12","-12","3",""
"394","265","267","12","-12","3",""
"386","265","251","14","-12","3",""
"468","263","237","12","-12","3",""
"378","265","247","12","-12","3",""
"390","263","245","12","-12","3",""
"398","265","247","12","-12","3",""
"382","259","241","11","-12","3",""
"394","261","251","12","-12","3",""
"390","261","243","12","-12","3",""
"394","267","247","12","-12","3",""
"382","263","245","12","-12","3",""
"484","281","241","14","-12","3",""
"386","267","249","12","-12","3",""
"390","265","247","12","-12","3",""
"382","263","247","12","-12","3",""
"386","263","245","12","-12","3",""
"386","267","247","12","-12","3",""
"386","265","245","12","-12","3",""
"378","263","241","11","-12","3",""
"371","265","249","10","-12","3",""
"382","239","247","12","-12","3",""
"378","267","247","12","-12","3",""
"386","267","247","12","-12","3",""
"378","263","243","12","-12","3",""
"364","263","255","12","-12","3",""
"382","267","255","12","-12","3",""
"394","263","243","12","-12","3",""
"398","263","245","12","-12","3",""
"410","259","249","12","-12","3",""
"433","269","241","11","-12","3",""
"394","259","249","12","-12","3",""
"398","261","247","12","-12","3",""
"402","265","245","12","-12","3",""
"398","259","230","12","-13","3",""
"382","263","245","12","-12","3",""
"394","267","247","12","-12","3",""
"390","274","247","12","-12","3",""
"406","267","243","11","-12","3",""
"375","274","243","12","-12","3",""
"367","271","237","12","-12","3",""
"371","267","245","12","-12","3",""
"364","263","247","12","-12","3",""
"357","267","239","12","-12","3",""
"364","295","245","12","-12","3",""
"357","295","249","12","-12","3",""
"375","274","245","12","-12","3",""
"360","267","247","12","-12","3",""
"378","267","247","12","-12","3",""
"364","265","245","12","-12","3",""
"364","263","247","12","-12","3",""
"344","265","252","12","-12","3",""
"390","267","241","12","-12","3",""
"364","263","247","12","-12","3",""
"371","267","241","11","-12","3",""
"331","265","249","11","-13","3",""
"354","261","247","12","-12","3",""
"347","269","245","12","-12","3",""
"364","261","245","12","-12","3",""
"364","265","247","12","-12","3",""
"386","269","247","11","-12","3",""
"364","265","247","12","-12","3",""
"347","263","241","12","-12","3",""
"364","257","243","12","-12","3",""
"347","263","249","12","-12","3",""
"328","265","245","12","-13","3",""
"367","269","257","11","-13","3",""
"308","263","278","12","-12","3",""
"367","265","243","12","-12","3",""
"367","261","245","12","-12","3",""
"364","263","247","12","-12","3",""
"357","265","243","12","-12","3",""
"360","261","243","12","-12","3",""
"364","267","247","12","-12","3",""
"360","261","249","12","-12","3",""
"382","261","251","11","-12","3",""
"367","267","228","11","-12","3",""
"364","263","241","12","-12","3",""
"350","267","247","12","-12","3",""
"364","263","247","12","-12","3",""
"378","267","247","12","-12","3",""
"360","267","249","12","-12","3",""
"357","267","247","12","-12","3",""
"357","269","245","12","-12","3",""
"367","274","241","12","-12","3",""
"415","271","251","12","-12","3",""
"350","263","249","12","-12","3",""
"317","276","249","11","-12","3",""
"410","269","249","12","-12","3",""
"357","263","249","12","-12","3",""
"364","265","247","12","-12","3",""
"350","265","251","12","-12","3",""
"371","265","247","11","-13","3",""
"360","267","241","11","-13","3",""
"354","265","245","12","-13","3",""
"375","271","252","12","-12","3",""
"360","271","251","12","-13","3",""
"357","267","249","12","-13","3",""
"375","267","249","12","-13","3",""
"382","267","243","12","-12","3",""
"390","278","237","11","-12","3",""
"419","261","257","12","-12","3",""
"360","249","243","12","-12","3",""
"386","274","239","12","-12","3",""
"354","243","237","15","-12","3",""
"375","263","237","12","-12","3",""
"360","259","245","12","-12","3",""
"354","261","245","13","-12","3",""
"386","263","245","12","-12","3",""
"428","259","223","13","-12","3",""
"357","252","214","12","-13","3",""
"347","257","243","12","-12","3",""
"334","271","249","12","-12","3",""
"354","265","239","13","-12","3",""
"314","255","223","12","-12","3",""
"347","261","249","12","-12","3",""
"357","263","243","12","-12","3",""
"298","261","243","13","-12","3",""
"340","271","251","12","-12","3",""
"354","263","241","11","-12","3",""
"371","257","241","12","-12","3",""
"360","263","252","11","-12","3",""
"337","265","247","11","-13","3",""
"344","263","245","12","-12","3",""
"344","261","247","12","-12","3",""
"354","263","245","11","-12","3",""
"350","265","249","12","-12","3",""
"354","261","245","12","-13","3",""
"328","267","245","12","-13","3",""
"350","274","245","11","-13","3",""
"378","263","245","11","-12","3",""
"364","298","241","12","-12","3",""
"325","271","257","11","-12","3",""
"364","261","243","11","-12","3",""
"357","261","243","12","-12","3",""
"347","261","245","12","-12","3",""
"344","261","243","12","-12","3",""
"340","269","243","11","-12","3",""
"337","271","241","11","-12","3",""
"394","325","247","11","-12","3",""
"508","344","249","10","-12","3",""
"350","344","245","12","-12","3",""
"367","276","245","11","-12","3",""
"371","263","241","12","-12","3",""
"398","271","245","11","-12","3",""
"415","267","247","12","-12","3",""
"410","271","245","12","-12","3",""
"452","252","241","11","-13","3",""
"479","278","245","11","-12","3",""
"457","271","243","12","-12","3",""
"463","265","247","12","-12","3",""
"479","263","261","11","-12","3",""
"749","239","243","12","-12","3",""
"508","269","245","12","-12","3",""
"502","269","245","12","-12","3",""
"484","269","249","11","-12","3",""
"484","265","243","11","-12","3",""
"447","267","245","11","-13","3",""
"424","285","283","12","-13","3",""
"484","267","243","12","-12","3",""
"479","269","251","11","-13","3",""
"468","265","269","13","-13","3",""
"447","274","249","11","-12","3",""
"479","269","245","11","-12","3",""
"463","267","257","12","-12","3",""
"468","265","245","11","-12","3",""
"502","267","243","12","-12","3",""
"463","265","245","12","-12","3",""
"447","269","243","12","-12","3",""
"473","261","239","13","-13","3",""
"496","263","239","11","-12","3",""
"375","303","237","11","-13","3",""
"490","263","243","11","-13","3",""
"490","267","245","11","-13","3",""
"457","263","245","11","-12","3",""
"452","261","239","11","-13","3",""
"452","265","247","12","-13","3",""
"447","265","241","11","-13","3",""
"457","267","241","11","-13","3",""
"406","314","257","12","-13","3",""
"442","259","243","11","-12","3",""
"438","267","249","12","-12","3",""
"438","265","245","12","-12","3",""
"428","263","247","12","-12","3",""
"433","269","241","12","-12","3",""
"415","265","239","11","-12","3",""
"433","267","252","12","-12","3",""
"433","265","249","12","-12","3",""
"442","269","249","12","-12","3",""
"534","271","251","11","-12","3",""
"424","252","249","11","-12","3",""
"438","269","239","10","-12","3",""
